kx,ky,kz,wa,wb,wc,wd,we,wf,tag
3,-8,-22,0,0,0,47,0,48,1
3,-8,-22,0,0,0,49,0,49,1
3,-8,-22,0,0,0,48,0,49,1
3,-8,-22,0,0,0,49,0,49,1
3,-8,-22,0,0,0,48,0,48,1
3,-8,-22,0,0,0,48,0,48,1
3,-8,-22,0,0,0,49,0,49,1
3,-8,-22,0,0,0,48,0,49,1
3,-8,-22,0,0,0,49,0,48,1
3,-8,-22,0,0,0,48,0,49,1
3,-9,-19,0,0,0,48,0,50,2
3,-9,-19,0,0,0,47,0,51,2
3,-9,-19,0,0,0,48,0,50,2
3,-9,-19,0,0,0,47,0,50,2
3,-9,-19,0,0,0,48,0,50,2
3,-9,-19,0,0,0,48,0,49,2
3,-9,-19,0,0,0,48,0,50,2
3,-9,-19,0,0,0,47,0,50,2
3,-9,-19,0,0,0,48,0,50,2
3,-9,-19,0,0,0,47,0,50,2
3,-9,-20,0,0,0,34,0,50,3
3,-9,-20,0,0,0,34,0,50,3
3,-9,-20,0,0,0,34,0,50,3
3,-9,-20,0,0,0,36,0,49,3
3,-9,-20,0,0,0,34,0,48,3
3,-9,-20,0,0,0,33,0,48,3
3,-9,-20,0,0,0,33,0,50,3
3,-9,-20,0,0,0,34,0,51,3
3,-9,-20,0,0,0,34,0,50,3
3,-9,-20,0,0,0,34,0,50,3
4,-8,-14,0,0,0,41,0,55,4
3,-8,-14,0,0,0,40,0,55,4
3,-8,-14,0,0,0,40,0,55,4
3,-8,-14,0,0,0,40,0,55,4
3,-8,-14,0,0,0,41,0,54,4
3,-8,-14,0,0,0,40,0,54,4
3,-8,-14,0,0,0,41,0,54,4
3,-8,-14,0,0,0,41,0,54,4
3,-8,-14,0,0,0,40,0,50,4
3,-8,-14,0,0,0,41,0,54,4
3,-8,-13,0,0,0,47,0,49,5
3,-8,-14,0,0,0,47,0,48,5
3,-8,-14,0,0,0,47,0,49,5
3,-8,-14,0,0,0,47,0,48,5
3,-8,-14,0,0,0,47,0,46,5
3,-8,-14,0,0,0,47,0,49,5
3,-8,-14,0,0,0,46,0,49,5
3,-8,-14,0,0,0,46,0,49,5
3,-8,-14,0,0,0,47,0,49,5
3,-8,-14,0,0,0,47,0,48,5
3,-8,-13,0,0,0,41,33,56,6
3,-8,-13,0,0,0,40,36,55,6
3,-8,-13,0,0,0,41,36,55,6
3,-8,-14,0,0,0,40,34,56,6
3,-8,-13,0,0,0,40,34,56,6
3,-8,-14,0,0,0,40,34,56,6
3,-8,-13,0,0,0,40,34,56,6
3,-8,-13,0,0,0,40,34,56,6
3,-8,-13,0,0,0,41,34,56,6
3,-8,-13,0,0,0,40,34,56,6
2,-8,-20,32,0,0,36,32,45,7
2,-8,-21,32,0,0,36,32,44,7
2,-8,-21,32,0,0,33,32,45,7
2,-8,-21,32,0,0,33,30,45,7
2,-8,-21,32,0,0,36,30,45,7
2,-8,-21,32,0,0,36,30,45,7
2,-8,-21,32,0,0,34,30,45,7
2,-8,-21,32,0,0,34,33,44,7
2,-8,-21,32,0,0,34,33,45,7
2,-8,-21,32,0,0,34,33,45,7
3,-8,-12,0,0,0,33,36,50,8
2,-8,-12,0,0,0,34,36,50,8
2,-8,-12,0,0,0,33,36,50,8
2,-8,-12,0,0,0,34,37,51,8
2,-8,-12,0,0,0,34,36,51,8
2,-8,-12,0,0,0,34,37,50,8
2,-8,-12,0,0,0,34,36,50,8
2,-8,-12,0,0,0,34,36,50,8
2,-8,-12,0,0,0,34,37,50,8
2,-8,-12,0,0,0,34,36,50,8
3,-9,-16,0,0,0,47,37,52,9
2,-9,-16,0,0,0,47,36,53,9
2,-9,-16,0,0,0,47,37,52,9
2,-9,-16,0,0,0,46,36,52,9
2,-9,-16,0,0,0,47,36,52,9
2,-9,-16,0,0,0,46,37,52,9
2,-9,-16,0,0,0,47,37,53,9
2,-9,-16,0,0,0,47,37,52,9
2,-9,-16,0,0,0,47,37,53,9
2,-9,-16,0,0,0,46,37,52,9
3,-8,-17,0,0,0,41,0,53,10
3,-8,-17,0,0,0,42,0,54,10
3,-8,-17,0,0,0,41,0,54,10
3,-8,-17,0,0,0,42,0,54,10
3,-8,-17,0,0,0,42,0,54,10
3,-8,-17,0,0,0,41,0,54,10
3,-8,-17,0,0,0,42,0,54,10
3,-8,-17,0,0,0,41,0,54,10
3,-8,-17,0,0,0,43,0,54,10
3,-8,-17,0,0,0,42,0,54,10
3,-9,-17,0,0,0,48,32,48,11
2,-9,-18,0,0,0,47,32,47,11
2,-9,-18,0,0,0,48,33,45,11
2,-9,-18,0,0,0,48,32,49,11
2,-9,-17,0,0,0,48,32,48,11
2,-9,-18,0,0,0,47,33,48,11
2,-9,-17,0,0,0,47,32,48,11
2,-9,-18,0,0,0,47,32,48,11
2,-9,-18,0,0,0,48,32,49,11
2,-9,-18,0,0,0,48,32,48,11
2,-8,-19,33,0,0,42,0,56,12
2,-8,-19,33,0,0,42,0,55,12
2,-8,-19,33,0,0,42,0,56,12
2,-8,-19,33,0,0,42,0,54,12
2,-8,-19,33,0,0,43,0,55,12
2,-8,-19,33,0,0,42,0,56,12
2,-8,-19,33,0,0,42,0,55,12
2,-8,-19,33,0,0,42,0,56,12
2,-8,-19,33,0,0,43,0,55,12
2,-8,-19,33,0,0,43,0,55,12
3,-7,-16,0,0,0,46,0,42,13
3,-7,-16,0,0,0,45,0,42,13
3,-7,-16,0,0,0,45,0,41,13
3,-7,-16,0,0,0,45,0,40,13
3,-7,-16,0,0,0,46,0,40,13
3,-7,-16,0,0,0,46,0,40,13
3,-7,-16,0,0,0,45,0,40,13
3,-7,-16,0,0,0,45,0,41,13
3,-7,-16,0,0,0,46,0,41,13
3,-7,-16,0,0,0,46,0,42,13
2,-8,-19,0,0,0,50,0,52,14
2,-8,-19,32,0,0,51,0,52,14
2,-8,-20,32,0,0,52,0,51,14
2,-8,-20,32,0,0,51,0,52,14
1,-8,-20,32,0,0,51,0,51,14
1,-8,-20,30,0,0,52,0,51,14
2,-8,-20,30,0,0,51,0,52,14
1,-8,-20,30,0,0,51,0,51,14
2,-8,-20,30,0,0,52,0,51,14
1,-8,-20,30,0,0,51,0,52,14
4,-8,-9,0,0,0,42,0,41,15
3,-8,-9,0,0,0,41,0,42,15
3,-8,-9,0,0,0,41,0,41,15
3,-8,-9,0,0,0,41,0,42,15
3,-8,-9,0,0,0,41,0,40,15
3,-8,-9,0,0,0,42,0,42,15
3,-8,-9,0,0,0,42,0,42,15
3,-8,-9,0,0,0,40,0,41,15
3,-8,-9,0,0,0,41,0,41,15
3,-8,-9,0,0,0,41,0,39,15
3,-8,-12,0,0,0,33,0,45,16
2,-8,-13,0,0,0,33,0,45,16
2,-8,-13,0,0,0,33,0,45,16
2,-8,-13,0,0,0,33,0,42,16
2,-8,-13,0,0,0,33,0,45,16
2,-8,-13,0,0,0,33,0,44,16
2,-8,-13,0,0,0,33,0,44,16
2,-8,-13,0,0,0,33,0,44,16
2,-8,-13,0,0,0,33,0,44,16
2,-8,-13,0,0,0,0,0,45,16
3,-8,-13,0,0,0,33,0,38,17
3,-8,-13,0,0,0,34,0,38,17
3,-8,-13,0,0,0,34,0,40,17
3,-8,-13,0,0,0,34,0,37,17
3,-8,-13,0,0,0,34,0,37,17
3,-8,-13,0,0,0,33,0,38,17
3,-8,-13,0,0,0,34,0,37,17
3,-8,-13,0,0,0,33,0,38,17
3,-8,-13,0,0,0,34,0,38,17
3,-8,-13,0,0,0,34,0,38,17
2,-8,-13,0,0,0,41,0,41,18
2,-8,-13,0,0,0,41,0,41,18
2,-8,-13,0,0,0,40,0,42,18
2,-8,-13,0,0,0,40,0,40,18
2,-8,-13,0,0,0,40,0,41,18
2,-8,-13,0,0,0,38,0,42,18
2,-8,-13,0,0,0,40,0,41,18
2,-8,-13,0,0,0,38,0,42,18
2,-8,-13,0,0,0,40,0,42,18
2,-8,-13,0,0,0,38,0,42,18
2,-10,-14,32,0,0,47,0,50,19
2,-10,-15,32,0,0,47,0,51,19
2,-10,-15,32,0,0,47,0,51,19
2,-10,-15,32,0,0,47,0,52,19
2,-10,-15,32,0,0,47,0,51,19
2,-10,-15,32,0,0,47,0,52,19
2,-10,-15,33,0,0,47,0,52,19
2,-10,-15,33,0,0,47,0,52,19
2,-10,-15,33,0,0,47,0,51,19
2,-10,-14,32,0,0,48,0,52,19
3,-9,-17,0,0,0,43,0,44,20
2,-9,-17,0,0,0,44,0,46,20
2,-9,-17,0,0,0,44,0,47,20
2,-9,-17,0,0,0,43,0,47,20
2,-9,-17,0,0,0,43,0,47,20
2,-9,-17,0,0,0,44,0,45,20
2,-9,-17,0,0,0,42,0,48,20
2,-9,-17,0,0,0,43,0,47,20
2,-9,-17,0,0,0,43,0,45,20
2,-9,-17,0,0,0,43,0,46,20
3,-9,-15,0,0,0,49,0,52,21
2,-9,-16,29,0,0,47,0,53,21
2,-9,-16,29,0,0,47,0,53,21
2,-9,-16,29,0,0,47,0,52,21
2,-9,-16,29,0,0,47,0,53,21
2,-9,-16,30,0,0,48,0,53,21
2,-9,-16,29,0,0,48,0,53,21
2,-9,-16,29,0,0,47,0,52,21
2,-9,-16,29,0,0,47,0,52,21
2,-9,-16,29,0,0,48,0,52,21
3,-10,-15,32,0,0,50,0,47,22
2,-10,-15,30,0,0,50,0,48,22
2,-10,-15,30,0,0,50,0,46,22
2,-10,-15,30,0,0,50,0,46,22
2,-10,-15,30,0,0,49,0,47,22
2,-10,-15,30,0,0,49,0,46,22
2,-10,-15,30,0,0,50,0,47,22
2,-10,-15,32,0,0,49,0,46,22
2,-10,-15,32,0,0,50,0,47,22
2,-10,-15,32,0,0,49,0,47,22
2,-10,-24,0,0,0,50,32,47,23
2,-10,-24,0,0,0,49,32,46,23
2,-10,-24,0,0,0,49,32,44,23
2,-10,-24,0,0,0,49,32,44,23
2,-10,-24,0,0,0,49,32,45,23
2,-10,-24,0,0,0,49,32,47,23
2,-10,-24,0,0,0,49,32,45,23
2,-10,-24,0,0,0,49,32,45,23
2,-10,-24,0,0,0,50,32,48,23
2,-10,-24,0,0,0,49,32,45,23
3,-10,-18,29,0,0,0,34,56,24
3,-10,-19,29,0,0,0,37,56,24
3,-10,-18,29,0,0,41,36,56,24
3,-10,-18,29,0,0,42,36,56,24
3,-10,-18,29,0,0,41,36,56,24
3,-10,-19,29,0,0,41,36,56,24
3,-10,-18,29,0,0,42,36,56,24
3,-10,-18,29,0,0,42,36,56,24
3,-10,-19,29,0,0,42,36,56,24
3,-10,-18,29,0,0,43,36,56,24
3,-10,-17,0,0,0,45,34,54,25
3,-10,-17,0,0,0,47,34,56,25
3,-10,-17,0,0,0,44,34,54,25
3,-10,-17,0,0,0,45,34,54,25
3,-10,-17,0,0,0,44,34,53,25
3,-10,-17,0,0,0,45,34,52,25
3,-10,-17,0,0,0,45,33,53,25
3,-10,-17,0,0,0,45,34,54,25
3,-10,-17,0,0,0,45,34,52,25
3,-10,-17,0,0,0,45,33,54,25
3,-9,-16,0,0,0,34,32,52,26
3,-9,-17,0,0,0,34,32,52,26
3,-9,-16,0,0,0,34,32,51,26
3,-9,-16,0,0,0,34,32,52,26
3,-9,-16,0,0,0,34,32,53,26
3,-9,-17,0,0,0,34,32,51,26
3,-9,-16,0,0,0,34,32,52,26
3,-9,-16,0,0,0,34,32,52,26
3,-9,-16,0,0,0,36,32,51,26
3,-9,-16,0,0,0,35,0,52,26
3,-10,-19,0,0,0,32,0,54,27
3,-11,-19,0,0,0,34,0,52,27
3,-11,-19,0,0,0,34,0,54,27
3,-11,-19,0,0,0,34,0,53,27
3,-11,-19,0,0,0,34,0,53,27
3,-11,-19,0,0,0,34,0,54,27
3,-11,-19,0,0,0,34,0,55,27
3,-11,-19,0,0,0,33,0,55,27
3,-11,-19,0,0,0,34,0,55,27
3,-11,-19,0,0,0,33,0,54,27
3,-9,-11,0,0,0,43,0,60,28
2,-9,-11,0,0,0,43,0,61,28
2,-9,-12,0,0,0,44,0,60,28
2,-9,-12,0,0,0,42,0,61,28
2,-9,-12,0,0,0,43,0,59,28
2,-9,-12,0,0,0,43,0,60,28
2,-9,-12,0,0,0,44,0,60,28
2,-9,-11,0,0,0,43,0,62,28
2,-9,-12,0,0,0,43,0,61,28
2,-9,-12,0,0,0,43,0,60,28
3,-10,43,0,0,0,38,38,62,29
3,-10,41,0,0,0,41,38,61,29
3,-10,41,0,0,0,41,38,62,29
3,-10,41,0,0,0,40,38,62,29
3,-10,41,0,0,0,41,38,62,29
3,-10,41,0,0,0,40,39,62,29
3,-10,42,0,0,0,40,39,62,29
3,-10,41,0,0,0,39,40,61,29
3,-10,42,0,0,0,41,37,62,29
3,-10,42,0,0,0,41,40,63,29
3,-9,-14,0,0,0,51,0,58,30
2,-9,-14,0,0,0,50,0,54,30
2,-9,-15,0,0,0,52,0,54,30
2,-9,-14,0,0,0,51,0,54,30
2,-9,-14,0,0,0,50,0,53,30
2,-9,-15,0,0,0,52,0,53,30
2,-9,-15,0,0,0,52,0,52,30
2,-9,-14,0,0,0,52,0,57,30
2,-9,-14,0,0,0,51,0,57,30
2,-9,-14,0,0,0,51,0,58,30
3,-10,-20,0,0,0,54,0,54,31
3,-10,-21,0,0,0,53,0,53,31
3,-10,-21,0,0,0,53,0,53,31
3,-10,-20,0,0,0,54,0,57,31
3,-10,-21,32,0,0,52,0,55,31
3,-10,-21,32,0,0,46,0,55,31
3,-10,-20,32,0,0,52,0,54,31
3,-10,-21,32,0,0,53,0,55,31
3,-10,-21,32,0,0,49,0,53,31
3,-10,-21,32,0,0,48,0,53,31
3,-9,-21,30,0,0,44,0,53,32
3,-9,-21,30,0,0,44,0,53,32
3,-9,-21,30,0,0,44,0,54,32
3,-9,-21,30,0,0,45,0,53,32
3,-9,-21,30,0,0,44,0,52,32
3,-9,-21,30,0,0,44,0,52,32
3,-9,-21,30,0,0,44,0,53,32
3,-9,-21,30,0,0,45,0,53,32
3,-9,-21,30,0,0,44,0,52,32
3,-9,-20,32,0,0,45,0,53,32
3,-10,-19,0,0,0,46,0,59,33
3,-10,-20,0,0,0,46,0,59,33
3,-10,-20,0,0,0,47,0,59,33
3,-10,-20,0,0,0,46,0,59,33
3,-10,-20,0,0,0,46,0,58,33
3,-10,-20,0,0,0,46,0,59,33
3,-10,-20,0,0,0,47,0,58,33
3,-10,-20,0,0,0,46,0,59,33
3,-10,-20,0,0,0,47,0,59,33
3,-10,-20,0,0,0,46,0,59,33
3,-9,-17,0,0,0,45,0,52,34
3,-10,-17,0,0,0,44,0,52,34
3,-10,-17,0,0,0,44,0,53,34
3,-10,-17,32,0,0,44,0,52,34
3,-10,-17,32,0,0,45,0,52,34
3,-10,-17,32,0,0,45,0,52,34
3,-10,-17,33,0,0,44,0,53,34
3,-10,-17,30,0,0,45,0,52,34
3,-10,-17,30,0,0,44,0,52,34
3,-10,-17,30,0,0,44,0,52,34
3,-10,-15,0,0,0,0,0,43,35
2,-10,-15,0,0,0,0,0,42,35
2,-10,-15,0,0,0,0,0,43,35
3,-10,-15,0,0,0,0,0,43,35
2,-10,-15,0,0,0,0,0,42,35
3,-10,-15,0,0,0,0,0,43,35
2,-10,-15,0,0,0,0,0,43,35
2,-10,-15,0,0,0,0,0,42,35
2,-10,-15,0,0,0,0,0,43,35
3,-10,-15,0,0,0,0,0,43,35
3,-8,-13,0,0,0,0,0,53,36
2,-8,-14,0,0,0,0,0,53,36
2,-8,-14,0,0,0,0,0,52,36
2,-8,-14,0,0,0,0,0,53,36
2,-8,-14,0,0,0,0,0,53,36
2,-8,-14,0,0,0,0,0,53,36
2,-8,-14,0,0,0,0,0,53,36
2,-8,-14,0,0,0,0,0,52,36
2,-8,-14,0,0,0,0,0,53,36
2,-8,-14,0,0,0,0,0,53,36
4,-8,-16,0,0,0,38,0,48,37
3,-8,-17,30,0,0,40,0,48,37
3,-9,-17,29,0,0,40,0,49,37
3,-9,-17,32,0,0,37,0,48,37
3,-9,-17,30,0,0,38,0,48,37
3,-8,-17,30,0,0,38,0,49,37
3,-9,-17,30,0,0,38,0,48,37
3,-8,-17,30,0,0,38,0,48,37
3,-9,-17,29,0,0,40,0,48,37
3,-9,-17,29,0,0,38,0,48,37
3,-8,-17,33,0,0,46,0,52,38
2,-8,-17,33,0,0,47,0,52,38
2,-8,-18,30,0,0,46,0,52,38
2,-8,-17,30,0,0,46,0,52,38
2,-8,-17,32,0,0,47,0,51,38
2,-8,-18,30,0,0,46,0,52,38
2,-8,-18,32,0,0,46,0,52,38
2,-8,-18,32,0,0,46,0,52,38
2,-8,-18,32,0,0,46,0,52,38
2,-8,-18,30,0,0,45,0,52,38
3,-8,-19,0,0,0,38,0,54,39
2,-8,-20,0,0,0,37,0,54,39
2,-8,-20,0,0,0,37,0,54,39
2,-9,-20,0,0,0,38,0,54,39
2,-8,-20,0,0,0,37,0,54,39
3,-9,-20,0,0,0,38,0,54,39
2,-8,-20,0,0,0,37,0,54,39
2,-9,-20,0,0,0,37,0,54,39
2,-8,-20,0,0,0,37,0,54,39
2,-8,-20,0,0,0,37,0,54,39
3,-10,-19,0,0,0,53,0,58,40
3,-10,-19,0,0,0,53,0,58,40
3,-10,-19,0,0,0,54,0,58,40
3,-10,-19,0,0,0,53,0,58,40
3,-10,-19,0,0,0,53,0,58,40
3,-10,-19,0,0,0,53,0,57,40
3,-10,-19,0,0,0,54,0,58,40
3,-10,-19,0,0,0,53,0,56,40
3,-10,-19,0,0,0,53,0,58,40
3,-10,-19,0,0,0,53,0,57,40
3,-8,-20,0,0,0,46,0,58,41
2,-8,-21,0,0,0,47,0,59,41
2,-8,-21,0,0,0,47,0,59,41
2,-8,-21,0,0,0,47,0,59,41
2,-8,-20,0,0,0,47,0,59,41
2,-8,-21,0,0,0,47,0,57,41
2,-8,-21,0,0,0,47,0,58,41
2,-8,-20,0,0,0,46,0,59,41
2,-8,-21,0,0,0,47,0,58,41
2,-8,-21,0,0,0,47,0,59,41
2,-9,-9,0,0,0,42,0,67,42
2,-9,-10,0,0,0,41,0,66,42
2,-9,-10,0,0,0,42,0,67,42
2,-9,-10,0,0,0,41,0,67,42
2,-9,-9,0,0,0,41,0,67,42
2,-9,-10,0,0,0,41,0,68,42
2,-9,-10,0,0,0,41,0,66,42
2,-9,-10,0,0,0,41,0,68,42
2,-9,-10,0,0,0,41,0,68,42
2,-9,-10,0,0,0,41,0,67,42
2,-8,-11,0,0,0,40,0,60,43
2,-8,-11,0,0,0,40,0,60,43
2,-8,-11,0,0,0,40,0,60,43
2,-8,-11,0,0,0,40,0,60,43
2,-8,-11,0,0,0,40,0,60,43
2,-8,-11,0,0,0,41,0,60,43
2,-8,-11,0,0,0,38,0,60,43
2,-8,-11,0,0,0,40,0,60,43
2,-8,-11,0,0,0,41,0,60,43
2,-8,-11,0,0,0,41,0,61,43
3,-8,-4,0,0,0,34,33,66,44
3,-8,-4,0,0,0,34,33,66,44
3,-8,-4,0,0,0,34,33,66,44
3,-8,-4,0,0,0,34,33,67,44
3,-8,-4,0,0,0,34,32,66,44
3,-8,-4,0,0,0,34,33,67,44
3,-8,-4,0,0,0,33,33,66,44
3,-8,-4,0,0,0,34,33,66,44
3,-8,-4,0,0,0,34,33,67,44
3,-8,-4,0,0,0,34,32,66,44
3,-8,-18,32,0,0,41,0,60,45
3,-8,-18,32,0,0,41,0,60,45
3,-8,-18,32,0,0,41,0,60,45
3,-8,-18,32,0,0,42,0,59,45
3,-8,-18,32,0,0,42,0,60,45
3,-8,-18,32,0,0,41,0,60,45
3,-8,-18,32,0,0,41,0,60,45
3,-8,-18,32,0,0,42,0,60,45
3,-8,-18,30,0,0,41,0,60,45
3,-8,-18,32,0,0,41,0,60,45
3,-8,-20,0,0,0,37,0,54,46
3,-8,-21,0,0,0,37,0,55,46
3,-8,-21,0,0,0,37,0,54,46
3,-8,-21,0,0,0,36,0,54,46
3,-8,-21,0,0,0,36,0,54,46
3,-8,-21,0,0,0,37,0,54,46
3,-8,-21,0,0,0,36,0,54,46
3,-8,-21,0,0,0,36,0,54,46
3,-8,-21,29,0,0,37,0,54,46
3,-8,-21,29,0,0,36,0,54,46
3,-8,-15,0,0,0,38,0,47,47
3,-8,-16,0,0,0,37,0,47,47
3,-8,-16,0,0,0,37,0,47,47
3,-8,-16,0,0,0,37,0,46,47
3,-8,-15,0,0,0,38,0,47,47
3,-8,-16,0,0,0,37,0,47,47
3,-8,-16,0,0,0,37,0,46,47
3,-8,-15,0,0,0,37,0,46,47
3,-8,-16,0,0,0,37,0,47,47
3,-8,-16,0,0,0,37,0,47,47
2,-9,-17,0,0,0,36,0,43,48
2,-9,-17,0,0,0,37,0,44,48
2,-9,-17,0,0,0,37,0,42,48
2,-9,-17,0,0,0,36,0,43,48
2,-9,-17,0,0,0,36,0,43,48
2,-9,-17,0,0,0,37,0,44,48
2,-9,-17,0,0,0,36,0,44,48
2,-9,-17,0,0,0,37,0,46,48
2,-9,-17,0,0,0,36,0,43,48
2,-9,-17,0,0,0,36,0,42,48
3,-8,-18,0,0,0,36,0,46,49
2,-8,-18,0,0,0,37,0,48,49
2,-8,-18,0,0,0,37,0,46,49
2,-8,-18,0,0,0,37,0,46,49
2,-8,-18,0,0,0,37,0,46,49
2,-8,-18,0,0,0,37,0,46,49
2,-8,-18,0,0,0,37,0,46,49
2,-8,-18,0,0,0,37,0,46,49
2,-8,-18,0,0,0,36,0,46,49
2,-8,-18,0,0,0,37,0,47,49
3,-9,-18,0,0,0,36,0,51,50
3,-9,-19,0,0,0,36,0,52,50
3,-9,-19,0,0,0,34,0,51,50
3,-9,-19,0,0,0,37,0,54,50
3,-9,-19,0,0,0,36,0,54,50
3,-9,-19,0,0,0,36,0,55,50
3,-9,-19,0,0,0,34,0,55,50
3,-9,-19,0,0,0,36,0,52,50
3,-9,-19,0,0,0,36,0,54,50
3,-9,-19,0,0,0,36,0,52,50
4,-8,-16,33,0,0,37,0,55,51
4,-9,-16,34,0,0,37,0,55,51
4,-9,-16,34,0,0,36,0,56,51
4,-9,-16,34,0,0,36,0,56,51
4,-9,-16,32,0,0,36,0,55,51
4,-9,-16,32,0,0,34,0,56,51
4,-9,-16,32,0,0,36,0,57,51
4,-9,-16,32,0,0,34,0,55,51
4,-9,-16,32,0,0,34,0,55,51
4,-9,-16,33,0,0,34,0,56,51
3,-9,-22,34,0,0,40,0,63,52
3,-9,-22,33,0,0,38,0,63,52
3,-9,-22,33,0,0,40,0,63,52
3,-9,-22,33,0,0,38,0,63,52
3,-9,-22,34,0,0,40,0,63,52
3,-9,-22,34,0,0,38,0,63,52
3,-9,-22,34,0,0,40,0,63,52
3,-9,-22,34,0,0,40,0,63,52
3,-9,-22,33,0,0,38,0,63,52
3,-9,-22,33,0,0,40,0,63,52
4,-8,-16,0,0,0,33,0,58,53
3,-8,-17,0,0,0,33,0,58,53
3,-8,-17,0,0,0,33,0,58,53
3,-8,-17,0,0,0,34,0,58,53
3,-8,-17,0,0,0,34,0,58,53
3,-8,-17,0,0,0,34,0,59,53
3,-8,-17,0,0,0,34,0,58,53
3,-8,-17,0,0,0,34,0,58,53
3,-8,-17,0,0,0,34,0,58,53
3,-8,-17,0,0,0,34,0,58,53
2,-9,-12,0,0,0,38,0,70,54
2,-9,-12,0,0,0,38,0,69,54
2,-9,-12,0,0,0,37,0,69,54
2,-9,-13,0,0,0,38,0,70,54
2,-9,-12,0,0,0,38,0,69,54
2,-9,-12,0,0,0,38,0,70,54
2,-9,-13,0,0,0,40,0,69,54
2,-9,-12,0,0,0,38,0,69,54
2,-9,-12,0,0,0,38,0,69,54
2,-9,-12,0,0,0,38,0,69,54
3,-7,-17,0,0,0,33,0,61,55
2,-8,-17,0,0,0,33,0,61,55
2,-8,-17,0,0,0,33,0,61,55
2,-8,-17,0,0,0,33,0,61,55
2,-8,-17,0,0,0,33,0,61,55
2,-8,-17,0,0,0,33,0,62,55
2,-8,-17,0,0,0,33,0,61,55
2,-8,-17,0,0,0,33,0,61,55
2,-8,-17,0,0,0,33,0,61,55
2,-8,-17,0,0,0,32,0,61,55
3,-8,-20,0,0,0,34,0,52,56
3,-8,-21,0,0,0,36,0,51,56
3,-8,-21,0,0,0,34,0,51,56
3,-8,-21,0,0,0,33,0,52,56
3,-8,-21,0,0,0,34,0,53,56
3,-8,-21,0,0,0,34,0,52,56
3,-8,-21,0,0,0,34,0,52,56
3,-8,-21,0,0,0,34,0,52,56
3,-8,-21,0,0,0,34,0,53,56
3,-8,-20,0,0,0,34,0,53,56
3,-9,-12,0,0,0,33,0,55,57
2,-9,-12,0,0,0,33,0,55,57
2,-9,-12,0,0,0,33,0,56,57
2,-9,-12,0,0,0,33,0,56,57
2,-9,-12,0,0,0,32,0,57,57
2,-9,-12,0,0,0,33,0,57,57
2,-9,-12,0,0,0,33,0,56,57
2,-9,-12,0,0,0,32,0,57,57
2,-9,-12,0,0,0,32,0,55,57
2,-9,-12,0,0,0,33,0,56,57
2,-9,-14,0,0,0,36,0,61,58
2,-9,-14,0,0,0,34,0,60,58
2,-9,-14,0,0,0,36,0,61,58
2,-9,-14,0,0,0,36,0,61,58
2,-9,-14,0,0,0,36,0,60,58
2,-9,-14,0,0,0,36,0,61,58
2,-9,-14,0,0,0,36,0,61,58
2,-9,-14,0,0,0,36,0,60,58
2,-9,-14,0,0,0,36,0,60,58
2,-9,-14,0,0,0,36,0,60,58
3,-8,-19,0,0,0,34,0,63,59
3,-8,-19,0,0,0,34,0,63,59
3,-8,-19,0,0,0,34,0,62,59
3,-8,-19,0,0,0,36,0,63,59
3,-8,-19,0,0,0,36,0,63,59
3,-8,-19,0,0,0,36,0,62,59
3,-8,-19,0,0,0,34,0,63,59
3,-8,-19,0,0,0,34,0,62,59
3,-8,-19,0,0,0,34,0,62,59
3,-8,-19,0,0,0,34,0,62,59
4,-8,-16,0,0,0,36,0,64,60
4,-8,-16,33,0,0,37,0,63,60
4,-8,-16,33,0,0,37,0,63,60
4,-8,-16,33,0,0,36,0,64,60
4,-8,-16,32,0,0,36,0,64,60
4,-8,-16,32,0,0,36,0,63,60
4,-8,-16,32,0,0,34,0,64,60
4,-8,-16,33,0,0,36,0,64,60
4,-8,-16,33,0,0,36,0,63,60
4,-8,-16,33,0,0,36,0,64,60
3,-8,-18,0,0,0,36,0,59,61
3,-8,-18,0,0,0,36,0,59,61
3,-8,-18,0,0,0,36,0,59,61
3,-8,-18,0,0,0,36,0,59,61
3,-8,-18,0,0,0,37,0,59,61
3,-8,-18,0,0,0,36,0,59,61
3,-8,-18,0,0,0,36,0,59,61
3,-8,-18,0,0,0,36,0,59,61
3,-8,-18,0,0,0,36,0,59,61
3,-8,-18,0,0,0,35,0,60,61
4,-9,-17,30,0,0,34,0,57,62
3,-9,-17,30,0,0,34,0,56,62
3,-9,-17,30,0,0,34,0,56,62
3,-9,-17,30,0,0,34,0,57,62
3,-9,-17,30,0,0,34,0,57,62
3,-9,-17,30,0,0,34,0,57,62
3,-9,-17,32,0,0,34,0,57,62
3,-9,-17,32,0,0,34,0,57,62
3,-9,-17,32,0,0,36,0,57,62
3,-9,-17,32,0,0,36,0,57,62
4,-8,-19,0,0,0,32,0,54,63
3,-8,-20,0,0,0,32,0,56,63
3,-8,-20,0,0,0,32,0,54,63
3,-8,-20,0,0,0,32,0,53,63
3,-8,-20,0,0,0,32,0,54,63
3,-8,-20,0,0,0,32,0,55,63
3,-8,-20,0,0,0,32,0,54,63
3,-8,-20,0,0,0,32,0,54,63
3,-8,-20,0,0,0,32,0,54,63
3,-8,-20,0,0,0,0,0,54,63
3,-10,44,0,0,0,38,0,55,64
3,-10,43,0,0,0,38,0,56,64
3,-10,43,0,0,0,38,0,55,64
3,-10,43,0,0,0,37,0,55,64
3,-10,43,0,0,0,38,0,55,64
3,-10,43,0,0,0,38,0,55,64
3,-10,43,0,0,0,38,0,55,64
3,-10,43,0,0,0,38,0,55,64
3,-10,43,0,0,0,40,0,55,64
3,-10,43,0,0,0,38,0,55,64
3,-8,-41,0,0,0,33,0,52,65
2,-8,-41,0,0,0,33,0,51,65
2,-8,-41,0,0,0,33,0,50,65
2,-8,-41,0,0,0,33,0,50,65
2,-8,-41,0,0,0,33,0,51,65
2,-8,-41,0,0,0,33,0,51,65
2,-8,-41,0,0,0,33,0,52,65
2,-8,-41,0,0,0,32,0,51,65
2,-8,-41,0,0,0,33,0,49,65
2,-8,-41,0,0,0,33,0,48,65
3,-8,-20,0,0,0,36,0,60,66
3,-8,-20,0,0,0,37,0,60,66
3,-8,-20,0,0,0,36,0,59,66
3,-8,-20,0,0,0,37,0,59,66
3,-8,-20,0,0,0,36,0,60,66
3,-8,-20,0,0,0,36,0,59,66
3,-8,-20,0,0,0,37,0,60,66
3,-8,-20,0,0,0,37,0,59,66
3,-8,-20,0,0,0,36,0,60,66
3,-8,-20,0,0,0,36,0,60,66
3,-10,-3,0,0,0,34,33,55,67
2,-10,-4,0,0,0,33,33,54,67
2,-10,-4,0,0,0,33,33,54,67
2,-10,-4,0,0,0,33,33,54,67
2,-10,-4,0,0,0,34,33,54,67
2,-10,-4,0,0,0,34,32,55,67
2,-10,-4,0,0,0,33,32,54,67
2,-10,-4,0,0,0,34,32,54,67
2,-10,-4,0,0,0,34,32,54,67
2,-10,-3,0,0,0,33,32,54,67
3,-8,-21,0,0,0,36,0,43,68
2,-8,-22,0,0,0,36,0,47,68
3,-8,-21,0,0,0,36,0,44,68
3,-8,-21,0,0,0,36,0,42,68
3,-8,-22,0,0,0,34,0,42,68
3,-8,-22,0,0,0,36,0,46,68
3,-8,-22,0,0,0,34,0,47,68
3,-8,-22,0,0,0,36,0,48,68
3,-8,-22,0,0,0,36,0,46,68
3,-8,-22,0,0,0,37,0,48,68
4,-7,-13,0,0,0,33,0,50,69
3,-7,-13,0,0,0,33,0,50,69
3,-7,-13,0,0,0,33,0,51,69
3,-7,-13,0,0,0,34,0,50,69
3,-7,-13,0,0,0,33,0,51,69
3,-7,-13,0,0,0,33,0,50,69
3,-7,-13,0,0,0,33,0,49,69
3,-8,-13,0,0,0,33,0,51,69
3,-7,-13,0,0,0,33,0,50,69
3,-7,-13,0,0,0,33,0,49,69
4,-8,-7,0,0,0,32,0,54,70
4,-8,-7,0,0,0,32,0,54,70
4,-8,-7,0,0,0,33,0,54,70
4,-8,-7,0,0,0,33,0,55,70
4,-8,-7,0,0,0,32,0,54,70
4,-8,-7,0,0,0,32,0,54,70
4,-8,-7,0,0,0,33,0,53,70
4,-8,-7,0,0,0,33,0,54,70
4,-8,-7,0,0,0,32,0,54,70
4,-8,-7,0,0,0,32,0,54,70
5,-9,-20,0,0,0,0,0,49,71
5,-9,-20,0,0,0,0,0,49,71
5,-9,-20,0,0,0,0,0,48,71
5,-9,-20,0,0,0,0,0,48,71
5,-9,-20,0,0,0,0,0,49,71
5,-9,-20,0,0,0,0,0,49,71
5,-9,-20,0,0,0,0,0,49,71
5,-9,-20,0,0,0,0,0,49,71
5,-9,-20,0,0,0,0,0,49,71
5,-9,-20,0,0,0,0,0,49,71
3,-8,-20,0,0,0,40,0,41,72
3,-8,-20,0,0,0,37,0,46,72
3,-8,-20,0,0,0,41,0,45,72
3,-8,-20,0,0,0,38,0,47,72
3,-8,-20,0,0,0,37,0,47,72
3,-8,-20,0,0,0,41,0,46,72
3,-8,-20,0,0,0,42,0,45,72
3,-8,-20,0,0,0,41,0,45,72
3,-8,-20,0,0,0,43,0,48,72
3,-8,-20,0,0,0,43,0,46,72
4,-8,-14,33,0,0,33,0,48,73
3,-8,-15,33,0,0,33,0,48,73
3,-8,-15,33,0,0,33,0,49,73
3,-8,-15,33,0,0,32,0,53,73
3,-8,-15,33,0,0,32,0,49,73
3,-8,-15,33,0,0,30,0,55,73
4,-8,-15,33,0,0,33,0,52,73
4,-8,-15,33,0,0,33,0,54,73
3,-8,-15,33,0,0,33,0,54,73
3,-8,-15,0,0,0,33,0,54,73
3,-8,-19,0,0,0,0,0,40,74
2,-8,-20,0,0,0,0,0,40,74
2,-8,-20,0,0,0,0,0,41,74
2,-8,-20,0,0,0,0,0,42,74
2,-8,-20,0,0,0,0,0,42,74
2,-8,-20,0,0,0,0,0,40,74
2,-8,-20,0,0,0,0,0,41,74
2,-8,-20,0,0,0,0,0,42,74
2,-8,-20,0,0,0,0,0,40,74
2,-8,-20,0,0,0,0,0,41,74
3,-8,-18,0,0,0,33,0,46,75
3,-8,-18,0,0,0,33,0,46,75
3,-8,-18,0,0,0,33,0,46,75
3,-8,-18,0,0,0,34,0,47,75
3,-8,-18,0,0,0,33,0,46,75
3,-8,-18,0,0,0,33,0,45,75
3,-8,-18,0,0,0,33,0,46,75
3,-8,-18,0,0,0,33,0,46,75
3,-8,-18,0,0,0,33,0,46,75
3,-8,-18,0,0,0,33,0,45,75
4,-9,-20,0,0,0,0,0,47,76
3,-9,-20,0,0,0,0,0,47,76
3,-9,-20,0,0,0,0,0,47,76
3,-9,-20,0,0,0,0,0,49,76
3,-9,-20,0,0,0,0,0,48,76
3,-9,-20,0,0,0,0,0,47,76
3,-9,-20,0,0,0,0,0,45,76
3,-9,-20,0,0,0,0,0,46,76
3,-9,-20,0,0,0,0,0,46,76
3,-9,-20,0,0,0,0,0,47,76
3,-9,-21,0,0,0,44,0,46,12
2,-9,-22,0,0,0,43,0,46,12
2,-9,-22,0,0,0,43,0,46,12
2,-9,-22,0,0,0,44,0,46,12
2,-9,-22,0,0,0,43,0,46,12
2,-9,-21,0,0,0,44,0,46,12
2,-9,-21,0,0,0,44,0,46,12
2,-9,-22,0,0,0,44,0,46,12
2,-9,-22,0,0,0,44,0,47,12
2,-9,-22,0,0,0,44,0,46,12
2,-9,-21,0,0,0,43,0,47,12
2,-9,-22,0,0,0,43,0,46,12
2,-9,-22,0,0,0,43,0,46,12
2,-9,-22,0,0,0,44,0,46,12
2,-9,-21,0,0,0,44,0,46,12
2,-9,-22,0,0,0,44,0,46,12
2,-9,-21,0,0,0,44,0,47,12
2,-9,-22,0,0,0,44,0,46,12
2,-9,-21,0,0,0,44,0,46,12
3,-9,-17,0,0,0,40,0,46,13
2,-9,-17,0,0,0,41,0,46,13
2,-9,-17,0,0,0,41,0,46,13
2,-9,-17,0,0,0,40,0,46,13
2,-9,-17,0,0,0,40,0,46,13
2,-9,-17,0,0,0,40,0,46,13
2,-9,-17,0,0,0,41,0,47,13
2,-9,-17,0,0,0,40,0,46,13
2,-9,-17,0,0,0,40,0,47,13
2,-9,-17,0,0,0,40,0,47,13
2,-9,-17,0,0,0,40,0,47,13
2,-9,-17,0,0,0,40,0,47,13
2,-9,-17,0,0,0,41,0,45,13
2,-9,-17,0,0,0,40,0,46,13
2,-9,-17,0,0,0,40,0,46,13
2,-9,-17,0,0,0,40,0,46,13
2,-9,-17,0,0,0,41,0,46,13
2,-9,-17,0,0,0,41,0,46,13
2,-9,-17,0,0,0,41,0,46,13
2,-9,-17,0,0,0,40,0,46,13
2,-9,-17,0,0,0,40,0,46,13
2,-9,-17,0,0,0,40,0,46,13
2,-9,-17,0,0,0,40,0,46,13
2,-9,-17,0,0,0,41,0,46,13
2,-9,-17,0,0,0,41,0,47,13
2,-9,-17,0,0,0,41,0,47,13
2,-9,-17,0,0,0,40,0,47,13
2,-9,-17,0,0,0,40,0,47,13
2,-9,-17,0,0,0,40,0,46,13
2,-9,-17,0,0,0,40,0,47,13
2,-9,-19,0,0,0,50,0,46,14
2,-9,-19,0,0,0,50,0,47,14
2,-9,-20,0,0,0,50,0,47,14
2,-9,-19,0,0,0,50,0,46,14
2,-9,-19,33,0,0,49,0,46,14
2,-9,-19,33,0,0,49,0,46,14
2,-9,-19,33,0,0,49,0,46,14
2,-9,-19,33,0,0,50,0,46,14
2,-9,-19,33,0,0,50,0,47,14
2,-9,-19,33,0,0,50,0,46,14
2,-9,-19,33,0,0,50,0,46,14
2,-9,-19,33,0,0,50,0,47,14
2,-9,-19,33,0,0,50,0,46,14
2,-9,-19,33,0,0,50,0,46,14
2,-9,-19,0,0,0,50,0,47,14
2,-9,-19,0,0,0,49,0,47,14
2,-9,-19,0,0,0,49,0,46,14
2,-9,-19,0,0,0,49,0,47,14
2,-9,-19,0,0,0,50,0,47,14
2,-9,-20,0,0,0,50,0,47,14
2,-9,-19,33,0,0,50,0,46,14
2,-9,-20,33,0,0,49,0,46,14
2,-9,-19,33,0,0,50,0,46,14
2,-9,-19,33,0,0,49,0,46,14
2,-9,-19,33,0,0,50,0,47,14
2,-9,-19,33,0,0,50,0,47,14
3,-9,-18,40,0,0,51,0,0,19
2,-9,-18,40,0,0,50,0,0,19
2,-9,-18,40,0,0,51,0,0,19
2,-9,-18,40,0,0,51,0,0,19
2,-9,-18,40,0,0,50,0,46,19
2,-9,-18,40,0,0,50,0,47,19
2,-9,-18,40,0,0,51,0,45,19
2,-9,-18,40,0,0,51,0,46,19
2,-9,-18,40,0,0,51,0,46,19
2,-9,-18,40,0,0,51,0,47,19
2,-9,-18,40,0,0,51,0,48,19
2,-9,-18,40,0,0,50,0,46,19
2,-9,-18,40,0,0,50,0,46,19
2,-9,-18,40,0,0,51,0,47,19
2,-9,-18,40,0,0,50,0,47,19
2,-9,-18,40,0,0,51,0,46,19
2,-9,-18,40,0,0,51,0,47,19
2,-9,-18,40,0,0,50,0,46,19
2,-9,-18,40,0,0,50,0,47,19
2,-9,-18,40,0,0,51,0,46,19
2,-9,-18,40,0,0,51,0,46,19
2,-9,-18,40,0,0,51,0,47,19
2,-9,-18,40,0,0,51,0,47,19
2,-9,-18,40,0,0,50,0,45,19
2,-9,-18,40,0,0,50,0,46,19
2,-9,-18,40,0,0,50,0,45,19
3,-9,-19,0,0,0,48,0,45,20
2,-9,-19,0,0,0,48,0,44,20
2,-9,-19,0,0,0,49,0,44,20
2,-9,-19,0,0,0,49,0,44,20
2,-9,-19,0,0,0,48,0,45,20
2,-9,-19,0,0,0,48,0,44,20
2,-9,-19,0,0,0,48,0,44,20
2,-9,-19,0,0,0,48,0,44,20
2,-9,-19,0,0,0,49,0,44,20
2,-9,-19,0,0,0,48,0,44,20
2,-9,-19,0,0,0,48,0,43,20
2,-9,-19,0,0,0,48,0,45,20
2,-9,-19,0,0,0,48,0,45,20
2,-9,-19,0,0,0,47,0,44,20
2,-9,-19,0,0,0,46,0,44,20
2,-9,-19,0,0,0,48,0,44,20
2,-9,-19,0,0,0,48,0,45,20
2,-9,-19,0,0,0,49,0,45,20
2,-9,-19,0,0,0,47,0,45,20
2,-9,-19,0,0,0,48,0,45,20
2,-9,-19,0,0,0,48,0,44,20
2,-9,-19,0,0,0,48,0,45,20
2,-9,-19,0,0,0,47,0,45,20
2,-9,-19,0,0,0,47,0,46,20
2,-9,-20,0,0,0,47,0,44,20
2,-9,-19,0,0,0,48,0,44,20
2,-9,-19,0,0,0,48,0,44,20
2,-9,-20,0,0,0,49,0,44,20
2,-9,-19,0,0,0,47,0,44,20
2,-9,-19,0,0,0,48,0,45,20
2,-9,-19,0,0,0,48,0,45,20
2,-9,-19,0,0,0,48,0,46,20
2,-9,-19,0,0,0,46,0,46,20
3,-9,-10,0,0,0,40,0,52,21
3,-10,-10,0,0,0,40,0,53,21
3,-9,-10,0,0,0,37,0,52,21
3,-9,-10,0,0,0,40,0,53,21
3,-9,-10,0,0,0,36,0,53,21
3,-9,-10,0,0,0,34,0,53,21
3,-9,-10,32,0,0,34,0,54,21
3,-9,-11,32,0,0,34,0,53,21
3,-9,-11,32,0,0,37,0,53,21
3,-9,-11,32,0,0,40,0,54,21
3,-9,-11,32,0,0,41,0,53,21
3,-9,-11,32,0,0,38,0,53,21
3,-9,-11,32,0,0,40,0,53,21
3,-9,-11,32,0,0,41,0,53,21
3,-9,-11,32,0,0,38,0,53,21
3,-9,-11,32,0,0,40,0,53,21
3,-9,-11,0,0,0,37,0,54,21
3,-9,-11,0,0,0,38,0,53,21
3,-9,-11,0,0,0,37,0,53,21
3,-9,-11,0,0,0,38,0,54,21
3,-9,-11,0,0,0,38,0,54,21
3,-9,-11,0,0,0,37,0,54,21
3,-9,-11,0,0,0,38,0,53,21
3,-9,-12,0,0,0,36,0,53,21
3,-9,-11,0,0,0,36,0,53,21
3,-9,-11,0,0,0,38,0,53,21
3,-9,-11,0,0,0,40,0,53,21
3,-9,-11,0,0,0,42,0,52,21
3,-9,-11,0,0,0,38,0,53,21
3,-9,-11,0,0,0,41,0,52,21
3,-9,-11,0,0,0,40,0,52,21
3,-9,-12,0,0,0,42,0,53,21
3,-9,-11,0,0,0,40,0,52,21
3,-9,-11,0,0,0,37,0,53,21
3,-9,-11,0,0,0,38.00,0,53,21
3,-9,-11,0,0,0,40,0,53,21
3,-9,-11,0,0,0,40,0,52,21
3,-9,-12,0,0,0,38,0,54,21
3,-9,-12,0,0,0,40,0,53,21
3,-9,-22,0,0,0,0,0,52,3
3,-9,-23,0,0,0,0,0,51,3
3,-9,-23,0,0,0,0,0,51,3
3,-9,-23,0,0,0,0,0,52,3
3,-9,-23,0,0,0,0,0,52,3
3,-9,-23,0,0,0,0,0,52,3
3,-9,-23,0,0,0,30,0,51,3
3,-9,-23,0,0,0,30,0,52,3
3,-9,-23,0,0,0,30,0,52,3
3,-9,-23,0,0,0,30,0,51,3
3,-9,-23,0,0,0,30,0,52,3
3,-9,-23,0,0,0,30,0,51,3
3,-9,-23,0,0,0,30,0,52,3
3,-9,-23,0,0,0,30,0,52,3
3,-9,-22,0,0,0,30,0,52,3
3,-9,-23,0,0,0,30,0,52,3
3,-9,-22,0,0,0,0,0,52,3
3,-9,-23,0,0,0,0,0,52,3
3,-9,-23,0,0,0,0,0,52,3
3,-9,-22,0,0,0,0,0,52,3
3,-9,-23,0,0,0,0,0,51,3
3,-9,-23,0,0,0,0,0,52,3
3,-9,-23,0,0,0,0,0,52,3
3,-9,-23,0,0,0,0,0,51,3
3,-9,-23,0,0,0,0,0,52,3
3,-9,-23,0,0,0,0,0,51,3
3,-9,-23,0,0,0,0,0,52,3
3,-9,-23,0,0,0,0,0,52,3
3,-9,-23,0,0,0,0,0,52,3
3,-9,-23,0,0,0,0,0,51,3
3,-9,-23,0,0,0,0,0,51,3
3,-9,-23,0,0,0,0,0,51,3
3,-9,-23,0,0,0,0,0,52,3
3,-9,-23,0,0,0,0,0,51,3
3,-9,-23,0,0,0,0,0,52,3
3,-8,-21,0,0,0,45,0,46,2
3,-8,-22,0,0,0,45,0,46,2
3,-9,-22,0,0,0,46,0,46,2
3,-9,-22,0,0,0,45,0,41,2
3,-9,-22,0,0,0,45,0,44,2
3,-9,-22,0,0,0,45,0,46,2
3,-9,-22,0,0,0,45,0,46,2
3,-9,-22,0,0,0,45,0,46,2
3,-9,-22,0,0,0,46,0,46,2
3,-9,-22,0,0,0,45,0,46,2
3,-9,-22,0,0,0,46,0,46,2
3,-9,-22,0,0,0,45,0,47,2
3,-9,-22,0,0,0,45,0,46,2
3,-9,-22,0,0,0,45,0,46,2
3,-8,-22,0,0,0,45,0,45,2
3,-9,-22,0,0,0,45,0,47,2
3,-8,-22,0,0,0,45,0,46,2
3,-8,-22,0,0,0,46,0,47,2
3,-8,-22,0,0,0,45,0,46,2
3,-8,-22,0,0,0,45,0,46,2
3,-9,-22,0,0,0,45,0,45,2
3,-9,-22,0,0,0,45,0,46,2
3,-9,-22,0,0,0,46,0,46,2
3,-9,-22,0,0,0,46,0,48,2
3,-9,-22,0,0,0,45,0,46,2
3,-9,-22,0,0,0,45,0,45,2
3,-8,-22,0,0,0,45,0,45,2
3,-9,-22,0,0,0,45,0,45,2
3,-9,-22,0,0,0,45,0,46,2
3,-8,-22,0,0,0,45,0,45,2
3,-8,-22,0,0,0,45,0,43,2
3,-9,-22,0,0,0,46,0,46,2
3,-9,-22,0,0,0,45,0,46,2
3,-8,-22,0,0,0,46,0,46,2
3,-8,-14,0,0,0,38,0,43,4
3,-9,-14,0,0,0,37,0,46,4
3,-9,-14,0,0,0,37,0,44,4
3,-9,-14,0,0,0,38,0,45,4
3,-9,-14,0,0,0,37,0,47,4
3,-9,-14,0,0,0,38,0,48,4
3,-9,-14,0,0,0,37,0,47,4
3,-8,-14,0,0,0,37,0,46,4
3,-9,-14,0,0,0,37,0,46,4
3,-9,-14,0,0,0,37,0,45,4
3,-9,-14,0,0,0,37,0,46,4
3,-9,-14,0,0,0,37,0,46,4
3,-9,-14,0,0,0,37,0,47,4
3,-9,-14,0,0,0,37,0,47,4
3,-9,-14,0,0,0,37,0,47,4
3,-9,-14,0,0,0,37,0,46,4
3,-9,-14,0,0,0,37,0,47,4
3,-9,-14,0,0,0,37,0,48,4
3,-9,-14,0,0,0,37,0,46,4
3,-9,-14,0,0,0,37,0,44,4
3,-9,-14,0,0,0,36,0,44,4
3,-9,-14,0,0,0,37,0,43,4
3,-9,-14,0,0,0,37,0,46,4
3,-9,-14,0,0,0,37,0,45,4
3,-9,-14,0,0,0,36,0,48,4
3,-9,-14,0,0,0,37,0,48,4
3,-9,-14,0,0,0,37,0,46,4
3,-9,-14,0,0,0,36,0,46,4
3,-9,-14,0,0,0,37,0,46,4
3,-9,-14,0,0,0,37,0,46,4
3,-9,-14,0,0,0,37,0,46,4
3,-9,-16,0,0,0,33,0,56,5
3,-9,-16,0,0,0,33,0,56,5
3,-9,-16,0,0,0,33,0,56,5
3,-9,-16,0,0,0,33,0,56,5
3,-9,-16,0,0,0,33,0,56,5
3,-9,-16,0,0,0,33,0,56,5
3,-9,-16,0,0,0,33,0,56,5
3,-9,-16,0,0,0,34,0,57,5
3,-9,-16,0,0,0,33,0,56,5
3,-9,-16,0,0,0,33,0,55,5
3,-9,-16,0,0,0,33,0,56,5
3,-9,-16,0,0,0,33,0,56,5
3,-9,-16,0,0,0,33,0,55,5
3,-9,-16,0,0,0,32,0,56,5
3,-9,-16,0,0,0,32,0,55,5
3,-9,-16,0,0,0,33,0,55,5
3,-9,-16,0,0,0,33,0,56,5
3,-9,-16,0,0,0,32,0,55,5
3,-9,-16,0,0,0,33,0,56,5
3,-9,-16,0,0,0,33,0,56,5
3,-9,-16,0,0,0,32,0,56,5
3,-9,-16,0,0,0,33,0,55,5
3,-9,-16,0,0,0,33,0,56,5
3,-9,-16,0,0,0,33,0,56,5
3,-9,-16,0,0,0,32,0,55,5
3,-9,-16,0,0,0,32,0,56,5
3,-9,-16,0,0,0,35,0,55,5
3,-9,-16,0,0,0,33,0,56,5
3,-9,-16,0,0,0,35,0,57,5
3,-9,-16,0,0,0,33,0,57,5
3,-9,-14,0,0,0,45,0,53,10
2,-9,-15,0,0,0,46,0,53,10
2,-9,-15,0,0,0,47,0,53,10
2,-9,-15,0,0,0,46,0,53,10
2,-9,-15,0,0,0,46,0,53,10
2,-9,-15,0,0,0,47,0,53,10
2,-9,-15,0,0,0,45,0,53,10
2,-9,-15,0,0,0,46,30,53,10
2,-9,-15,0,0,0,46,30,53,10
2,-9,-15,0,0,0,46,30,53,10
2,-9,-15,0,0,0,46,30,53,10
2,-9,-15,0,0,0,46,30,53,10
2,-9,-15,0,0,0,46,30,53,10
2,-9,-15,0,0,0,46,31,53,10
2,-9,-15,0,0,0,46,31,53,10
2,-9,-15,0,0,0,46,31,53,10
2,-9,-15,0,0,0,45,31,53,10
2,-9,-15,0,0,0,45,29,53,10
2,-9,-15,0,0,0,46,29,53,10
2,-9,-15,0,0,0,46,29,53,10
2,-9,-15,0,0,0,46,29,53,10
2,-9,-15,0,0,0,46,29,53,10
2,-9,-15,0,0,0,46,29,53,10
2,-9,-15,0,0,0,46,29,53,10
2,-9,-15,0,0,0,46,29,53,10
2,-9,-15,0,0,0,45,29,52,10
2,-9,-15,0,0,0,46,29,53,10
2,-9,-15,0,0,0,46,29,53,10
2,-9,-15,0,0,0,46,29,54,10
2,-9,-15,0,0,0,46,29,54,10
2,-9,-15,0,0,0,45,29,54,10
2,-9,-15,0,0,0,47,29,52,10
2,-9,-15,0,0,0,45,29,53,10
2,-9,-17,0,0,0,41,0,50,11
2,-9,-17,0,0,0,42,0,51,11
2,-9,-17,0,0,0,42,0,50,11
2,-9,-17,0,0,0,43,0,49,11
2,-9,-17,0,0,0,42,0,49,11
2,-9,-17,0,0,0,42,0,49,11
2,-9,-17,0,0,0,41,0,49,11
2,-9,-17,0,0,0,43,0,50,11
2,-9,-17,0,0,0,42,0,49,11
2,-9,-17,0,0,0,42,0,49,11
2,-9,-17,0,0,0,42,0,49,11
2,-9,-17,0,0,0,42,0,49,11
2,-9,-17,0,0,0,42,0,49,11
2,-9,-17,0,0,0,42,0,50,11
2,-9,-17,0,0,0,42,0,49,11
2,-9,-17,0,0,0,42,0,48,11
2,-9,-17,0,0,0,42,0,49,11
2,-9,-17,0,0,0,42,0,51,11
2,-9,-17,0,0,0,42,0,49,11
2,-9,-17,0,0,0,42,0,47,11
2,-9,-17,0,0,0,42,0,50,11
2,-9,-17,0,0,0,42,0,50,11
2,-9,-17,0,0,0,42,0,50,11
2,-9,-17,0,0,0,41,0,50,11
2,-9,-17,0,0,0,42,0,50,11
2,-9,-17,0,0,0,42,0,50,11
2,-9,-17,0,0,0,42,0,49,11
2,-9,-17,0,0,0,42,0,49,11
2,-9,-17,0,0,0,42,0,48,11
2,-9,-17,0,0,0,41,0,46,11
2,-9,-17,0,0,0,41,0,50,11
2,-9,-17,0,0,0,41,0,50,9
2,-9,-17,0,0,0,42,0,51,9
2,-9,-17,0,0,0,42,0,50,9
2,-9,-17,0,0,0,43,0,49,9
2,-9,-17,0,0,0,42,0,49,9
2,-9,-17,0,0,0,42,0,49,9
2,-9,-17,0,0,0,41,0,49,9
2,-9,-17,0,0,0,43,0,50,9
2,-9,-17,0,0,0,42,0,49,9
2,-9,-17,0,0,0,42,0,49,9
2,-9,-17,0,0,0,42,0,49,9
2,-9,-17,0,0,0,42,0,49,9
2,-9,-17,0,0,0,42,0,49,9
2,-9,-17,0,0,0,42,0,50,9
2,-9,-17,0,0,0,42,0,49,9
2,-9,-17,0,0,0,42,0,48,9
2,-9,-17,0,0,0,42,0,49,9
2,-9,-17,0,0,0,42,0,51,9
2,-9,-17,0,0,0,42,0,49,9
2,-9,-17,0,0,0,42,0,47,9
2,-9,-17,0,0,0,42,0,50,9
2,-9,-17,0,0,0,42,0,50,9
2,-9,-17,0,0,0,42,0,50,9
2,-9,-17,0,0,0,41,0,50,9
2,-9,-17,0,0,0,42,0,50,9
2,-9,-17,0,0,0,42,0,50,9
2,-9,-17,0,0,0,42,0,49,9
2,-9,-17,0,0,0,42,0,49,9
2,-9,-17,0,0,0,42,0,48,9
2,-9,-17,0,0,0,41,0,46,9
2,-9,-17,0,0,0,41,0,50,9
2,-9,-17,0,0,0,41,0,50,8
2,-9,-17,0,0,0,42,0,51,8
2,-9,-17,0,0,0,42,0,50,8
2,-9,-17,0,0,0,43,0,49,8
2,-9,-17,0,0,0,42,0,49,8
2,-9,-17,0,0,0,42,0,49,8
2,-9,-17,0,0,0,41,0,49,8
2,-9,-17,0,0,0,43,0,50,8
2,-9,-17,0,0,0,42,0,49,8
2,-9,-17,0,0,0,42,0,49,8
2,-9,-17,0,0,0,42,0,49,8
2,-9,-17,0,0,0,42,0,49,8
2,-9,-17,0,0,0,42,0,49,8
2,-9,-17,0,0,0,42,0,50,8
2,-9,-17,0,0,0,42,0,49,8
2,-9,-17,0,0,0,42,0,48,8
2,-9,-17,0,0,0,42,0,49,8
2,-9,-17,0,0,0,42,0,51,8
2,-9,-17,0,0,0,42,0,49,8
2,-9,-17,0,0,0,42,0,47,8
2,-9,-17,0,0,0,42,0,50,8
2,-9,-17,0,0,0,42,0,50,8
2,-9,-17,0,0,0,42,0,50,8
2,-9,-17,0,0,0,41,0,50,8
2,-9,-17,0,0,0,42,0,50,8
2,-9,-17,0,0,0,42,0,50,8
2,-9,-17,0,0,0,42,0,49,8
2,-9,-17,0,0,0,42,0,49,8
2,-9,-17,0,0,0,42,0,48,8
2,-9,-17,0,0,0,41,0,46,8
2,-9,-17,0,0,0,41,0,50,8
3,-9,-19,0,0,0,41,33,53,24
2,-9,-20,0,0,0,42,30,52,24
2,-9,-20,0,0,0,41,32,54,24
2,-9,-20,0,0,0,41,32,53,24
2,-9,-20,0,0,0,41,32,53,24
2,-9,-20,0,0,0,41,32,54,24
2,-9,-20,0,0,0,42,32,54,24
2,-9,-20,0,0,0,41,32,54,24
2,-9,-20,0,0,0,42,32,54,24
2,-9,-20,0,0,0,41,32,54,24
2,-9,-20,0,0,0,41,32,54,24
2,-9,-20,0,0,0,42,33,53,24
2,-9,-20,0,0,0,42,32,54,24
2,-9,-20,0,0,0,41,32,53,24
2,-9,-20,0,0,0,41,32,53,24
2,-9,-20,0,0,0,41,32,53,24
2,-9,-20,0,0,0,41,32,54,24
2,-9,-20,0,0,0,41,32,53,24
2,-9,-20,0,0,0,41,32,53,24
2,-9,-20,0,0,0,42,32,55,24
2,-9,-20,0,0,0,41,32,54,24
2,-9,-20,0,0,0,41,32,54,24
2,-9,-20,0,0,0,41,32,52,24
2,-9,-20,0,0,0,41,32,52,24
2,-9,-20,0,0,0,41,32,53,24
2,-9,-20,0,0,0,42,32,54,24
2,-9,-20,0,0,0,42,32,53,24
2,-9,-20,0,0,0,41,32,53,24
2,-9,-20,0,0,0,40,32,52,24
2,-9,-20,0,0,0,41,33,50,24
2,-9,-20,0,0,0,41,33,50,24
2,-9,-20,0,0,0,41,32,54,24
2,-9,-20,0,0,0,41,32,53,24
3,-9,-22,0,0,0,42,0,47,23
2,-9,-22,0,0,0,43,0,48,23
2,-9,-22,0,0,0,42,0,47,23
2,-9,-22,0,0,0,43,0,47,23
2,-9,-22,0,0,0,43,30,48,23
2,-9,-22,0,0,0,43,30,47,23
2,-9,-22,0,0,0,43,29,47,23
2,-9,-22,0,0,0,44,30,47,23
2,-9,-22,0,0,0,42,30,47,23
2,-9,-22,0,0,0,43,30,47,23
2,-9,-22,0,0,0,43,30,47,23
2,-9,-22,0,0,0,43,30,47,23
2,-9,-22,0,0,0,43,30,48,23
2,-9,-22,0,0,0,44,30,46,23
2,-9,-22,0,0,0,42,30,47,23
2,-9,-22,0,0,0,43,30,47,23
2,-9,-22,0,0,0,43,30,47,23
2,-9,-22,0,0,0,44,30,48,23
2,-9,-22,0,0,0,44,29,48,23
2,-9,-22,0,0,0,42,30,47,23
2,-9,-22,0,0,0,43,30,48,23
2,-9,-22,0,0,0,43,30,47,23
2,-9,-22,0,0,0,43,30,47,23
2,-9,-22,0,0,0,43,32,47,23
2,-9,-22,0,0,0,43,32,47,23
2,-9,-22,0,0,0,44,30,47,23
2,-9,-22,0,0,0,43,30,47,23
2,-9,-22,0,0,0,43,30,47,23
2,-9,-22,0,0,0,43,31,47,23
2,-9,-22,0,0,0,43,31,48,23
2,-9,-22,0,0,0,44,29,47,23
2,-9,-22,0,0,0,43,29,48,23
3,-10,-15,0,0,0,48,0,46,22
2,-10,-16,0,0,0,47,0,44,22
2,-10,-16,0,0,0,46,0,44,22
2,-10,-15,0,0,0,47,0,45,22
2,-10,-16,0,0,0,47,0,44,22
2,-10,-16,0,0,0,46,0,45,22
2,-9,-16,0,0,0,47,0,44,22
2,-10,-16,0,0,0,46,0,45,22
2,-10,-16,0,0,0,47,0,44,22
2,-10,-16,0,0,0,47,0,44,22
2,-10,-16,0,0,0,47,0,44,22
2,-9,-16,0,0,0,47,0,45,22
2,-10,-16,0,0,0,47,0,44,22
2,-9,-15,32,0,0,46,0,44,22
2,-10,-16,32,0,0,47,0,46,22
2,-10,-16,32,0,0,47,0,45,22
2,-9,-16,32,0,0,47,0,44,22
2,-10,-16,32,0,0,47,0,45,22
2,-10,-16,32,0,0,47,0,44,22
2,-10,-16,32,0,0,47,0,45,22
2,-10,-16,32,0,0,46,0,44,22
2,-10,-16,32,0,0,47,0,44,22
2,-10,-16,32,0,0,46,0,44,22
2,-9,-16,0,0,0,47,0,43,22
2,-9,-16,0,0,0,47,0,43,22
2,-10,-16,0,0,0,47,0,44,22
2,-9,-16,0,0,0,46,0,44,22
2,-10,-16,0,0,0,47,0,44,22
2,-10,-16,0,0,0,47,0,44,22
2,-10,-16,0,0,0,47,0,43,22
2,-10,-16,0,0,0,46,0,44,22
2,-9,-16,0,0,0,49,0,47,22
2,-10,-16,0,0,0,48,0,47,22
2,-9,-16,0,0,0,49,0,48,22
2,-10,-16,0,0,0,48,0,47,22
2,-10,-16,0,0,0,48,29,51,22
3,-8,-18,0,0,0,44,0,59,32
2,-8,-18,0,0,0,44,0,59,32
2,-8,-18,0,0,0,43,0,59,32
2,-8,-18,0,0,0,43,0,59,32
2,-8,-18,0,0,0,43,0,59,32
2,-8,-18,0,0,0,43,0,58,32
2,-8,-18,0,0,0,43,0,59,32
2,-8,-18,0,0,0,43,0,59,32
2,-8,-18,0,0,0,43,0,59,32
2,-8,-18,0,0,0,42,0,59,32
2,-8,-18,0,0,0,43,0,59,32
2,-8,-18,0,0,0,42,0,59,32
2,-8,-18,0,0,0,43,0,59,32
2,-8,-18,0,0,0,44,0,58,32
2,-8,-18,0,0,0,44,0,59,32
2,-8,-18,0,0,0,43,0,59,32
2,-8,-18,0,0,0,43,0,59,32
2,-8,-18,0,0,0,43,0,59,32
2,-8,-18,0,0,0,43,0,59,32
2,-8,-18,0,0,0,43,0,59,32
2,-8,-18,0,0,0,43,0,58,32
2,-8,-18,0,0,0,42,0,59,32
2,-8,-18,0,0,0,43,0,58,32
2,-8,-18,0,0,0,43,0,59,32
2,-8,-18,0,0,0,44,0,58,32
2,-8,-18,0,0,0,43,0,58,32
2,-8,-18,0,0,0,42,0,58,32
2,-8,-18,0,0,0,43,0,59,32
2,-8,-18,0,0,0,44,0,59,32
2,-8,-18,0,0,0,44,0,59,32
3,-8,-18,0,0,0,43,0,59,32
2,-8,-18,0,0,0,43,0,59,32
2,-8,-18,0,0,0,43,0,59,32
2,-8,-18,0,0,0,44,0,58,32
2,-8,-18,0,0,0,44,0,59,32
3,-8,-21,0,0,0,45,0,57,33
2,-8,-21,0,0,0,44,0,56,33
2,-8,-21,0,0,0,44,0,57,33
2,-8,-21,0,0,0,44,0,57,33
2,-8,-21,0,0,0,44,0,57,33
2,-8,-21,0,0,0,45,0,57,33
2,-8,-21,32,0,0,44,0,56,33
2,-8,-21,32,0,0,44,0,57,33
2,-8,-21,32,0,0,44,0,57,33
2,-8,-21,32,0,0,44,0,57,33
2,-8,-21,32,0,0,44,0,57,33
2,-8,-21,32,0,0,44,0,57,33
2,-8,-21,32,0,0,44,0,57,33
2,-8,-21,30,0,0,44,0,56,33
2,-8,-21,32,0,0,44,0,57,33
2,-8,-21,32,0,0,44,0,57,33
2,-8,-21,32,0,0,45,0,56,33
2,-8,-21,32,0,0,45,0,57,33
2,-8,-21,32,0,0,44,0,57,33
2,-8,-21,32,0,0,44,0,56,33
2,-8,-21,32,0,0,44,0,56,33
2,-8,-21,31,0,0,44,0,56,33
2,-8,-21,32,0,0,45,0,57,33
2,-8,-21,32,0,0,45,0,57,33
2,-8,-21,31,0,0,44,0,56,33
2,-8,-21,32,0,0,45,0,56,33
2,-8,-21,32,0,0,44,0,57,33
2,-8,-21,32,0,0,44,0,57,33
2,-8,-21,32,0,0,44,0,57,33
2,-8,-21,32,0,0,44,0,57,33
2,-8,-21,32,0,0,44,0,57,33
2,-8,-21,31,0,0,45,0,57,33
2,-8,-21,31,0,0,45,0,56,33
3,-8,-16,0,0,0,41,0,55,34
2,-8,-16,36,0,0,41,0,54,34
2,-8,-16,36,0,0,42,0,54,34
2,-8,-16,36,0,0,41,0,55,34
2,-8,-16,36,0,0,42,0,54,34
2,-8,-16,36,0,0,42,0,55,34
2,-8,-16,36,0,0,42,0,54,34
2,-8,-16,36,0,0,42,0,55,34
2,-8,-16,36,0,0,42,0,55,34
2,-8,-16,37,0,0,42,0,54,34
2,-8,-16,37,0,0,41,0,54,34
2,-8,-16,36,0,0,42,0,54,34
2,-8,-16,37,0,0,42,0,55,34
2,-8,-16,36,0,0,41,0,54,34
2,-8,-16,36,0,0,41,0,54,34
2,-8,-16,36,0,0,41,0,54,34
2,-8,-16,36,0,0,42,0,54,34
2,-8,-16,36,0,0,41,0,54,34
2,-8,-16,36,0,0,41,0,55,34
2,-8,-16,37,0,0,43,0,55,34
2,-8,-16,37,0,0,41,0,54,34
2,-8,-16,36,0,0,42,0,54,34
2,-8,-16,36,0,0,43,0,54,34
2,-8,-16,36,0,0,43,0,54,34
2,-8,-16,36,0,0,41,0,55,34
2,-8,-16,36,0,0,41,0,54,34
2,-8,-16,36,0,0,41,0,54,34
2,-8,-16,36,0,0,43,0,54,34
2,-8,-16,36,0,0,43,0,54,34
2,-8,-16,36,0,0,41,0,54,34
2,-8,-16,36,0,0,43,0,54,34
2,-8,-19,33,0,0,42,0,49,37
2,-8,-20,33,0,0,42,0,50,37
2,-8,-20,33,0,0,42,0,49,37
2,-8,-20,32,0,0,42,0,49,37
2,-8,-20,32,0,0,42,0,49,37
2,-8,-20,32,0,0,42,0,49,37
2,-8,-20,33,0,0,41,0,51,37
2,-8,-20,32,0,0,41,0,50,37
2,-8,-20,32,0,0,41,0,50,37
2,-9,-19,32,0,0,42,0,49,37
2,-8,-20,32,0,0,41,0,50,37
2,-8,-20,32,0,0,42,0,50,37
2,-8,-20,32,0,0,42,0,49,37
2,-8,-20,32,0,0,42,0,51,37
2,-8,-19,32,0,0,41,0,50,37
2,-8,-20,32,0,0,41,0,49,37
2,-8,-20,32,0,0,42,0,49,37
2,-8,-20,33,0,0,41,0,49,37
2,-8,-20,33,0,0,41,0,49,37
2,-8,-20,33,0,0,41,0,49,37
2,-8,-20,32,0,0,42,0,49,37
2,-8,-20,32,0,0,41,0,50,37
2,-8,-20,32,0,0,41,0,49,37
2,-8,-20,32,0,0,42,0,49,37
2,-8,-20,32,0,0,42,0,50,37
2,-8,-20,32,0,0,42,0,50,37
2,-8,-20,32,0,0,42,0,49,37
2,-8,-19,32,0,0,41,0,50,37
2,-8,-20,32,0,0,41,0,50,37
2,-8,-20,32,0,0,41,0,50,37
2,-8,-20,32,0,0,42,0,50,37
2,-8,-20,32,0,0,42,0,50,37
3,-8,-15,33,0,0,42,0,55,38
2,-8,-15,33,0,0,42,0,55,38
2,-8,-15,33,0,0,43,0,55,38
2,-8,-15,33,0,0,43,0,55,38
2,-8,-15,33,0,0,43,0,54,38
2,-8,-15,33,0,0,42,0,55,38
2,-8,-15,33,0,0,42,0,55,38
2,-8,-15,33,0,0,43,0,55,38
2,-8,-15,33,0,0,42,0,54,38
2,-8,-15,33,0,0,42,0,55,38
2,-8,-15,33,0,0,43,0,55,38
2,-8,-15,33,0,0,42,0,55,38
2,-8,-15,33,0,0,42,0,54,38
2,-8,-15,33,0,0,42,0,55,38
2,-8,-15,33,0,0,43,0,54,38
2,-8,-15,33,0,0,43,0,55,38
2,-8,-15,33,0,0,42,0,55,38
2,-8,-15,33,0,0,42,0,55,38
2,-8,-15,33,0,0,43,0,55,38
2,-8,-15,33,0,0,42,0,54,38
2,-8,-15,33,0,0,43,0,55,38
2,-8,-15,33,0,0,43,0,54,38
3,-8,-15,33,0,0,42,0,55,38
2,-8,-15,33,0,0,42,0,54,38
2,-8,-15,33,0,0,43,0,55,38
3,-8,-15,33,0,0,44,0,55,38
3,-8,-15,34,0,0,43,0,55,38
2,-8,-15,33,0,0,43,0,54,38
2,-8,-15,33,0,0,43,0,55,38
2,-8,-15,33,0,0,43,0,55,38
3,-8,-15,33,0,0,42,0,55,38
2,-8,-21,0,0,0,40,0,57,39
2,-8,-21,0,0,0,40,0,57,39
2,-8,-21,0,0,0,40,29,57,39
2,-8,-21,0,0,0,38,29,57,39
2,-8,-21,0,0,0,38,29,57,39
2,-8,-21,0,0,0,38,29,57,39
2,-8,-21,0,0,0,38,29,57,39
2,-8,-21,0,0,0,38,29,57,39
2,-8,-21,0,0,0,40,29,57,39
2,-8,-21,0,0,0,38,29,57,39
2,-8,-21,0,0,0,40,29,57,39
2,-8,-21,0,0,0,38,29,57,39
2,-8,-21,0,0,0,40,29,57,39
2,-8,-21,0,0,0,38,29,57,39
2,-8,-21,0,0,0,40,29,57,39
2,-8,-21,0,0,0,40,29,57,39
2,-8,-21,0,0,0,40,29,57,39
2,-8,-21,0,0,0,40,29,57,39
2,-8,-21,0,0,0,40,29,57,39
2,-8,-21,0,0,0,39,29,57,39
2,-8,-21,0,0,0,39,29,57,39
2,-8,-21,0,0,0,40,29,57,39
2,-8,-21,0,0,0,40,29,57,39
2,-8,-21,0,0,0,39,29,57,39
2,-8,-21,0,0,0,39,29,57,39
2,-8,-21,0,0,0,40,0,57,39
2,-8,-21,0,0,0,39,29,57,39
2,-8,-21,0,0,0,40,31,57,39
2,-8,-21,0,0,0,40,31,57,39
2,-8,-21,0,0,0,40,31,56,39
2,-8,-21,0,0,0,40,31,57,39
2,-8,-21,0,0,0,37,31,57,39
2,-8,-21,0,0,0,40,31,57,39
2,-8,-21,0,0,0,40,31,56,39
2,-8,-21,0,0,0,39,31,57,39
2,-8,-21,0,0,0,39,31,58,39
3,-9,-16,0,0,0,50,0,60,40
2,-9,-16,0,0,0,50,0,60,40
2,-9,-16,0,0,0,50,0,61,40
2,-9,-16,0,0,0,49,0,60,40
2,-9,-16,0,0,0,49,0,60,40
2,-9,-16,0,0,0,49,0,60,40
2,-9,-16,0,0,0,49,0,60,40
2,-9,-16,0,0,0,49,0,60,40
2,-9,-16,0,0,0,50,0,60,40
2,-9,-16,0,0,0,49,0,60,40
2,-9,-16,0,0,0,50,0,61,40
2,-9,-16,0,0,0,49,0,60,40
2,-9,-16,0,0,0,50,0,60,40
2,-9,-16,0,0,0,49,0,60,40
2,-9,-16,0,0,0,50,0,60,40
2,-9,-16,0,0,0,49,0,60,40
2,-9,-16,0,0,0,50,0,60,40
2,-9,-16,0,0,0,50,0,60,40
2,-9,-16,0,0,0,49,0,60,40
2,-9,-16,0,0,0,50,0,60,40
2,-9,-16,0,0,0,49,0,60,40
2,-9,-16,0,0,0,50,0,60,40
2,-9,-16,0,0,0,49,0,61,40
2,-9,-16,0,0,0,50,0,60,40
2,-9,-16,0,0,0,50,0,60,40
2,-9,-16,0,0,0,50,0,60,40
2,-9,-16,0,0,0,49,0,60,40
2,-9,-16,0,0,0,50,0,60,40
2,-9,-16,0,0,0,50,0,60,40
2,-9,-16,0,0,0,49,0,60,40
2,-9,-16,0,0,0,49,0,60,40
2,-9,-16,0,0,0,49,0,61,40
2,-9,-16,0,0,0,50,0,61,40
2,-9,-16,0,0,0,49,0,60,40
3,-8,-24,0,0,0,43,0,57,41
2,-8,-25,0,0,0,43,30,56,41
2,-8,-25,0,0,0,43,30,57,41
2,-8,-25,0,0,0,44,29,56,41
2,-8,-25,0,0,0,42,30,56,41
2,-8,-25,0,0,0,43,30,57,41
2,-8,-25,0,0,0,43,30,57,41
2,-8,-25,0,0,0,44,30,57,41
2,-8,-25,0,0,0,43,29,56,41
2,-8,-25,0,0,0,44,30,57,41
2,-8,-25,0,0,0,43,30,57,41
2,-8,-24,0,0,0,44,29,57,41
2,-8,-24,0,0,0,43,30,57,41
2,-8,-25,0,0,0,43,30,56,41
2,-8,-25,0,0,0,43,30,57,41
2,-8,-24,0,0,0,43,30,57,41
2,-8,-25,0,0,0,43,30,56,41
2,-8,-24,0,0,0,43,30,57,41
2,-8,-25,0,0,0,43,30,57,41
2,-8,-25,0,0,0,43,30,56,41
2,-8,-25,0,0,0,43,30,56,41
2,-8,-25,0,0,0,43,30,57,41
2,-8,-25,0,0,0,43,30,56,41
2,-8,-25,0,0,0,43,30,56,41
2,-8,-25,0,0,0,43,30,57,41
2,-8,-25,0,0,0,43,30,57,41
2,-8,-25,0,0,0,42,30,57,41
2,-8,-25,0,0,0,42,30,56,41
2,-8,-25,0,0,0,43,29,57,41
2,-8,-25,0,0,0,44,29,57,41
2,-8,-25,0,0,0,44,29,57,41
2,-8,-24,0,0,0,43,29,57,41
2,-8,-25,0,0,0,44,29,56,41
2,-8,-17,0,0,0,32,0,41,16
2,-8,-18,0,0,0,32,0,41,16
2,-8,-18,0,0,0,33,0,41,16
2,-8,-18,0,0,0,33,0,40,16
2,-8,-18,0,0,0,33,0,38,16
2,-8,-18,0,0,0,33,0,40,16
2,-8,-18,0,0,0,32,0,41,16
2,-8,-18,0,0,0,33,0,42,16
2,-8,-18,0,0,0,32,0,40,16
2,-8,-18,0,0,0,32,0,43,16
2,-8,-18,0,0,0,33,0,41,16
2,-8,-18,0,0,0,32,0,41,16
2,-8,-18,0,0,0,32,0,41,16
2,-8,-18,0,0,0,33,0,40,16
2,-8,-18,0,0,0,33,0,40,16
2,-8,-18,0,0,0,33,0,41,16
2,-8,-18,0,0,0,33,0,41,16
2,-8,-18,0,0,0,32,0,40,16
2,-8,-18,0,0,0,32,0,40,16
2,-8,-18,0,0,0,32,0,41,16
2,-8,-17,0,0,0,33,0,43,16
2,-8,-18,0,0,0,32,0,41,16
2,-8,-18,0,0,0,32,0,41,16
2,-8,-18,0,0,0,33,0,41,16
2,-8,-18,0,0,0,33,0,43,16
2,-8,-18,0,0,0,33,0,41,16
2,-8,-18,0,0,0,33,0,43,16
2,-8,-18,0,0,0,33,0,41,16
2,-8,-18,0,0,0,32,0,41,16
2,-8,-18,0,0,0,32,0,43,16
2,-8,-18,0,0,0,32,0,41,16
2,-8,-18,0,0,0,32,0,41,16
2,-8,-18,0,0,0,33,0,41,16
2,-8,-18,0,0,0,33,0,43,16
3,-8,-25,0,0,0,37,0,41,17
3,-8,-25,0,0,0,36,0,42,17
3,-8,-25,0,0,0,36,0,41,17
3,-8,-25,0,0,0,36,0,40,17
3,-8,-25,0,0,0,36,0,40,17
3,-8,-25,0,0,0,36,0,43,17
3,-8,-25,0,0,0,37,0,41,17
3,-8,-25,0,0,0,37,0,41,17
3,-8,-25,0,0,0,36,0,41,17
3,-8,-25,0,0,0,37,0,41,17
3,-8,-25,0,0,0,36,0,41,17
3,-8,-25,0,0,0,36,0,41,17
3,-8,-25,0,0,0,36,0,40,17
3,-8,-25,0,0,0,36,0,40,17
3,-8,-25,0,0,0,37,0,42,17
3,-8,-25,0,0,0,36,0,41,17
3,-8,-25,0,0,0,36,0,40,17
3,-8,-25,0,0,0,37,0,42,17
3,-8,-25,0,0,0,36,0,40,17
3,-8,-25,0,0,0,36,0,38,17
3,-8,-25,0,0,0,36,0,41,17
3,-8,-25,0,0,0,36,0,41,17
3,-8,-25,0,0,0,36,0,38,17
3,-8,-25,0,0,0,37,0,38,17
3,-8,-25,0,0,0,36,0,40,17
3,-8,-25,0,0,0,36,0,41,17
3,-8,-25,0,0,0,37,0,40,17
3,-8,-25,0,0,0,37,0,40,17
3,-8,-25,0,0,0,37,0,42,17
3,-8,-25,0,0,0,37,0,40,17
3,-8,-25,0,0,0,37,0,41,17
3,-8,-25,0,0,0,36,0,40,17
3,-8,-25,0,0,0,36,0,37,17
3,-8,-25,0,0,0,36,0,38,17
3,-8,-25,0,0,0,36,0,37,17
3,-8,-25,0,0,0,36,0,38,17
3,-8,-25,0,0,0,37,0,38,17
3,-8,-25,0,0,0,37,0,40,17
3,-8,-25,0,0,0,37,0,40,17
3,-8,-25,0,0,0,36,0,41,17
3,-8,-25,0,0,0,36,0,41,17
3,-8,-25,0,0,0,36,0,38,17
3,-8,-11,0,0,0,41,0,40,15
2,-8,-11,0,0,0,42,0,43,15
2,-8,-11,0,0,0,42,0,36,15
2,-8,-11,0,0,0,42,0,41,15
2,-8,-11,0,0,0,41,0,40,15
2,-8,-11,0,0,0,42,0,40,15
2,-8,-11,0,0,0,42,0,40,15
2,-8,-11,0,0,0,42,0,37,15
2,-8,-11,0,0,0,41,0,40,15
2,-8,-11,0,0,0,41,0,38,15
2,-8,-11,0,0,0,42,0,40,15
2,-8,-11,0,0,0,41,0,38,15
2,-8,-11,0,0,0,42,0,40,15
2,-8,-11,0,0,0,41,0,38,15
2,-8,-11,0,0,0,41,0,38,15
2,-8,-11,0,0,0,41,0,38,15
2,-8,-11,0,0,0,42,0,40,15
2,-8,-11,0,0,0,42,0,40,15
2,-8,-11,0,0,0,42,0,40,15
2,-8,-11,0,0,0,42,0,37,15
2,-8,-11,0,0,0,42,0,37,15
2,-8,-11,0,0,0,41,0,38,15
2,-8,-11,0,0,0,42,0,40,15
2,-8,-11,0,0,0,42,0,38,15
2,-8,-11,0,0,0,41,0,37,15
2,-8,-11,0,0,0,42,0,37,15
2,-8,-11,0,0,0,41,0,38,15
2,-8,-11,0,0,0,42,0,38,15
2,-8,-11,0,0,0,42,0,38,15
2,-8,-11,0,0,0,41,0,40,15
2,-8,-11,0,0,0,42,0,41,15
2,-8,-11,0,0,0,42,0,38,15
2,-8,-11,0,0,0,41,0,40,15
2,-8,-11,0,0,0,41,0,38,15
2,-8,-11,0,0,0,41,0,38,15
2,-8,-11,0,0,0,41,0,38,15
2,-8,-11,0,0,0,41,0,40,15
2,-8,-11,0,0,0,41,0,40,15
2,-8,-11,0,0,0,42,0,41,15
2,-8,-11,0,0,0,41,0,41,15
2,-8,-11,0,0,0,41,0,40,15
2,-8,-17,0,0,0,37,0,46,18
2,-8,-17,0,0,0,37,0,45,18
2,-8,-17,0,0,0,37,0,46,18
2,-8,-17,0,0,0,37,0,43,18
2,-8,-17,0,0,0,37,0,44,18
2,-8,-17,0,0,0,37,0,46,18
2,-8,-17,0,0,0,37,0,45,18
2,-8,-17,0,0,0,37,0,45,18
2,-8,-17,0,0,0,38,0,45,18
2,-8,-17,0,0,0,38,0,45,18
2,-8,-17,0,0,0,37,0,45,18
2,-8,-17,0,0,0,37,0,45,18
2,-8,-17,0,0,0,37,0,45,18
2,-8,-17,0,0,0,38,0,46,18
2,-8,-17,0,0,0,37,0,45,18
2,-8,-17,0,0,0,37,0,45,18
2,-8,-17,0,0,0,37,0,44,18
2,-8,-17,0,0,0,37,0,46,18
2,-8,-17,0,0,0,37,0,45,18
2,-8,-17,0,0,0,37,0,45,18
2,-8,-17,0,0,0,37,0,44,18
2,-8,-17,0,0,0,37,0,45,18
2,-8,-17,0,0,0,37,0,46,18
2,-8,-17,0,0,0,37,0,45,18
2,-8,-17,0,0,0,36,0,44,18
2,-8,-17,0,0,0,38,0,44,18
2,-8,-17,0,0,0,37,0,45,18
2,-8,-17,0,0,0,37,0,45,18
2,-8,-17,0,0,0,37,0,45,18
2,-8,-17,0,0,0,37,0,45,18
2,-8,-17,0,0,0,37,0,46,18
2,-8,-17,0,0,0,37,0,45,18
2,-8,-17,0,0,0,37,0,45,18
3,-9,-18,0,0,0,54,0,41,14
2,-9,-19,0,0,0,53,0,41,14
2,-9,-19,33,0,0,53,0,38,14
2,-9,-19,33,0,0,54,0,38,14
2,-9,-19,33,0,0,54,0,39,14
2,-9,-19,33,0,0,54,0,38,14
2,-9,-19,33,0,0,54,0,39,14
2,-9,-19,33,0,0,53,0,38,14
2,-9,-19,33,0,0,53,0,39,14
2,-9,-19,33,0,0,54,0,39,14
2,-9,-19,33,0,0,54,0,39,14
2,-9,-19,33,0,0,53,0,38,14
2,-9,-19,0,0,0,54,0,38,14
2,-9,-19,0,0,0,54,0,38,14
2,-9,-19,0,0,0,54,0,38,14
2,-9,-19,0,0,0,53,0,39,14
2,-9,-19,0,0,0,53,0,38,14
2,-9,-19,0,0,0,53,0,37,14
2,-9,-19,0,0,0,54,0,39,14
2,-9,-19,0,0,0,53,0,37,14
2,-9,-19,33,0,0,54,0,37,14
2,-9,-19,33,0,0,53,0,37,14
2,-9,-19,33,0,0,55,0,37,14
2,-9,-19,33,0,0,53,0,39,14
2,-9,-19,33,0,0,53,0,38,14
2,-9,-19,33,0,0,54,0,38,14
2,-9,-19,33,0,0,54,0,38,14
2,-9,-19,33,0,0,54,0,37,14
2,-9,-19,33,0,0,54,0,37,14
2,-9,-19,33,0,0,54,0,38,14
2,-9,-19,33,0,0,54,0,39,14
2,-9,-19,33,0,0,54,0,38,14
2,-9,-19,34,0,0,53,0,38,14
2,-9,-19,34,0,0,54,0,37,14
2,-9,-19,34,0,0,54,0,38,14
2,-9,-19,34,0,0,53,0,38,14
2,-9,-19,34,0,0,54,0,37,14
2,-9,-19,34,0,0,54,0,39,14
2,-9,-19,34,0,0,54,0,41,14
2,-9,-19,34,0,0,54,0,41,14
2,-8,-15,39,0,0,50,29,43,19
2,-8,-15,39,0,0,50,29,44,19
2,-8,-15,39,0,0,50,29,43,19
2,-8,-15,38,0,0,50,29,45,19
2,-8,-15,38,0,0,51,29,43,19
2,-8,-15,38,0,0,50,29,44,19
2,-8,-15,38,0,0,50,29,43,19
2,-8,-15,38,0,0,50,29,42,19
2,-8,-15,38,0,0,51,29,43,19
2,-8,-15,37,0,0,50,29,43,19
2,-8,-15,37,0,0,50,29,43,19
2,-8,-15,37,0,0,50,29,43,19
2,-8,-15,40,0,0,50,29,45,19
2,-8,-15,38,0,0,50,30,44,19
2,-8,-15,37,0,0,50,30,43,19
2,-8,-15,38,0,0,50,30,44,19
2,-8,-15,38,0,0,50,30,44,19
2,-8,-15,38,0,0,50,29,43,19
2,-8,-15,38,0,0,50,29,43,19
2,-8,-15,37,0,0,51,29,43,19
2,-8,-15,38,0,0,50,29,43,19
2,-8,-15,38,0,0,49,29,44,19
2,-8,-15,38,0,0,50,30,44,19
2,-8,-15,38,0,0,50,30,44,19
2,-8,-15,38,0,0,50,30,44,19
2,-8,-15,38,0,0,50,30,45,19
2,-8,-15,39,0,0,50,29,44,19
2,-8,-15,38,0,0,50,30,42,19
2,-8,-15,38,0,0,50,30,44,19
2,-8,-15,38,0,0,49,30,43,19
2,-8,-15,38,0,0,50,30,43,19
2,-8,-15,38,0,0,49,30,44,19
2,-8,-15,37,0,0,50,30,44,19
2,-8,-15,38,0,0,51,30,43,19
2,-8,-15,38,0,0,50,30,43,19
2,-8,-15,37,0,0,50,30,43,19
2,-8,-15,37,0,0,50,30,43,19
2,-8,-15,37,0,0,50,30,43,19
2,-8,-15,38,0,0,50,30,43,19
2,-8,-15,38,0,0,50,30,44,19
2,-8,-15,38,0,0,50,30,43,19
2,-8,-15,38,0,0,50,30,43,19
2,-8,-15,38,0,0,50,30,43,19
4,-8,-19,0,0,0,50,0,46,2
4,-9,-19,0,0,0,49,0,47,2
4,-8,-19,0,0,0,50,0,46,2
4,-9,-19,0,0,0,50,0,47,2
4,-8,-19,0,0,0,50,0,47,2
4,-9,-19,0,0,0,49,0,46,2
4,-9,-19,0,0,0,50,0,47,2
4,-9,-19,0,0,0,49,0,47,2
4,-9,-19,0,0,0,49,0,46,2
4,-9,-19,0,0,0,49,0,46,2
4,-9,-19,0,0,0,49,0,47,2
4,-8,-19,0,0,0,50,0,47,2
4,-8,-19,0,0,0,50,0,47,2
4,-9,-19,0,0,0,50,0,46,2
4,-9,-19,0,0,0,49,0,47,2
4,-9,-19,0,0,0,50,0,48,2
4,-9,-19,0,0,0,49,0,49,2
4,-9,-19,0,0,0,50,0,48,2
4,-9,-19,0,0,0,49,0,47,2
4,-9,-19,0,0,0,49,0,47,2
4,-9,-19,0,0,0,49,0,47,2
4,-9,-19,0,0,0,50,0,46,2
4,-9,-19,0,0,0,49,0,47,2
4,-9,-19,0,0,0,49,0,47,2
4,-9,-19,0,0,0,49,0,46,2
4,-9,-19,0,0,0,50,0,46,2
4,-9,-19,0,0,0,50,0,47,2
4,-9,-19,0,0,0,50,0,47,2
4,-9,-19,0,0,0,49,0,46,2
4,-9,-19,0,0,0,49,0,47,2
4,-9,-19,0,0,0,50,0,46,2
4,-9,-19,0,0,0,49,0,46,2
4,-9,-19,0,0,0,50,0,46,2
4,-8,-19,0,0,0,50,0,47,2
4,-8,-19,0,0,0,50,0,47,2
4,-9,-19,0,0,0,50,0,47,2
4,-9,-19,0,0,0,49,0,48,2
4,-9,-19,0,0,0,49,0,48,2
4,-9,-19,0,0,0,49,0,47,2
4,-9,-19,0,0,0,49,0,46,2
4,-9,-19,0,0,0,49,0,46,2
4,-9,-19,0,0,0,49,0,46,2
4,-9,-19,0,0,0,50,0,46,2
4,-9,-19,0,0,0,50,0,46,2
4,-9,-19,0,0,0,50,0,47,2
4,-9,-19,0,0,0,50,0,48,2
4,-8,-19,0,0,0,49,0,46,2
4,-9,-19,0,0,0,49,0,46,2
4,-9,-19,0,0,0,48,0,46,2
4,-9,-19,0,0,0,49,0,47,2
4,-8,-19,0,0,0,48,0,47,2
4,-9,-19,0,0,0,49,0,43,2
4,-9,-19,0,0,0,49,0,47,2
4,-9,-19,0,0,0,49,0,46,2
3,-9,-19,0,0,0,51,0,44,13
3,-9,-19,0,0,0,51,0,44,13
3,-9,-19,0,0,0,51,0,44,13
3,-9,-19,0,0,0,51,0,44,13
3,-9,-19,0,0,0,51,0,43,13
3,-9,-19,0,0,0,51,0,44,13
3,-9,-19,0,0,0,51,0,44,13
3,-9,-19,0,0,0,51,0,45,13
3,-9,-19,0,0,0,51,0,44,13
3,-9,-19,0,0,0,51,0,45,13
3,-9,-19,0,0,0,52,0,46,13
3,-9,-19,0,0,0,51,0,45,13
3,-9,-19,0,0,0,51,0,46,13
3,-9,-19,0,0,0,51,0,45,13
3,-9,-19,0,0,0,51,0,45,13
3,-9,-19,0,0,0,51,0,45,13
3,-9,-19,0,0,0,51,0,44,13
3,-9,-19,0,0,0,50,0,44,13
3,-9,-19,0,0,0,51,0,45,13
3,-9,-19,0,0,0,50,0,45,13
3,-9,-19,0,0,0,51,0,44,13
3,-9,-19,0,0,0,50,0,44,13
3,-9,-19,0,0,0,51,0,45,13
3,-9,-19,0,0,0,50,0,43,13
3,-9,-19,0,0,0,51,0,44,13
3,-9,-19,0,0,0,51,0,44,13
3,-9,-19,0,0,0,51,0,43,13
3,-9,-19,0,0,0,51,0,44,13
3,-9,-19,0,0,0,51,0,43,13
3,-9,-19,0,0,0,51,0,43,13
3,-9,-19,0,0,0,50,0,44,13
3,-9,-19,0,0,0,51,0,44,13
3,-9,-19,0,0,0,50,0,43,13
3,-9,-19,0,0,0,51,0,43,13
3,-9,-19,0,0,0,50,0,44,13
3,-9,-19,0,0,0,51,0,44,13
3,-9,-19,0,0,0,51,0,45,13
3,-9,-19,0,0,0,51,0,44,13
3,-9,-19,0,0,0,51,0,45,13
3,-9,-19,0,0,0,51,0,44,13
3,-9,-19,0,0,0,50,0,45,13
3,-9,-19,0,0,0,51,0,44,13
3,-9,-19,0,0,0,50,0,45,13
3,-9,-19,0,0,0,51,0,43,13
3,-9,-19,32,0,0,53,0,46,20
3,-9,-19,32,0,0,53,0,45,20
3,-9,-19,32,0,0,54,0,44,20
3,-9,-19,33,0,0,53,0,46,20
3,-9,-19,33,0,0,53,0,45,20
3,-9,-19,33,0,0,54,0,46,20
3,-9,-19,33,0,0,53,0,46,20
3,-9,-19,33,0,0,53,0,47,20
3,-9,-19,33,0,0,53,0,47,20
3,-9,-19,33,0,0,53,0,46,20
3,-9,-19,34,0,0,53,0,46,20
3,-9,-19,33,0,0,53,0,47,20
3,-9,-19,33,0,0,53,0,46,20
3,-9,-19,33,0,0,53,0,46,20
3,-9,-19,33,0,0,53,0,47,20
3,-9,-19,33,0,0,53,0,47,20
3,-9,-19,33,0,0,53,0,47,20
3,-9,-19,33,0,0,53,0,46,20
3,-9,-19,33,0,0,53,0,46,20
3,-9,-19,33,0,0,53,0,47,20
3,-9,-19,33,0,0,53,0,46,20
3,-9,-19,33,0,0,53,0,46,20
3,-9,-19,33,0,0,53,0,47,20
3,-9,-19,33,0,0,54,0,46,20
3,-9,-19,33,0,0,53,0,46,20
3,-9,-19,33,0,0,53,0,46,20
3,-9,-19,33,0,0,53,0,46,20
3,-9,-19,33,0,0,53,0,45,20
3,-9,-19,33,0,0,53,0,45,20
3,-9,-19,33,0,0,54,0,46,20
3,-9,-19,33,0,0,52,0,46,20
3,-9,-19,33,0,0,53,0,47,20
3,-9,-19,33,0,0,54,0,47,20
3,-9,-19,0,0,0,53,0,47,20
3,-9,-19,33,0,0,53,0,46,20
3,-9,-19,33,0,0,53,0,46,20
3,-9,-19,33,0,0,53,0,46,20
3,-9,-19,33,0,0,54,0,47,20
3,-9,-19,33,0,0,53,0,46,20
3,-9,-19,33,0,0,54,0,47,20
3,-9,-19,33,0,0,53,0,46,20
3,-9,-19,33,0,0,54,0,47,20
3,-9,-19,33,0,0,53,0,46,20
3,-9,-19,33,0,0,55,0,45,20
3,-9,-19,33,0,0,52,0,47,20
3,-9,-19,32,0,0,41,0,46,3
3,-9,-20,33,0,0,40,0,46,3
3,-9,-19,30,0,0,40,0,46,3
3,-9,-20,30,0,0,40,0,46,3
3,-9,-19,32,0,0,40,0,45,3
3,-9,-20,32,0,0,41,0,47,3
3,-9,-19,32,0,0,40,0,46,3
3,-9,-20,32,0,0,40,0,47,3
3,-9,-20,32,0,0,40,0,47,3
3,-9,-19,32,0,0,41,0,48,3
3,-9,-20,32,0,0,41,0,47,3
3,-9,-20,32,0,0,40,0,47,3
3,-9,-19,32,0,0,40,0,46,3
3,-9,-19,32,0,0,40,0,46,3
3,-9,-19,33,0,0,40,0,46,3
3,-9,-19,32,0,0,41,0,46,3
3,-9,-19,32,0,0,40,0,45,3
3,-9,-19,32,0,0,40,0,46,3
3,-9,-20,32,0,0,40,0,47,3
3,-9,-19,32,0,0,41,0,46,3
3,-9,-20,32,0,0,40,0,44,3
3,-9,-20,32,0,0,41,0,46,3
3,-9,-19,32,0,0,40,0,47,3
3,-9,-19,32,0,0,40,0,45,3
3,-9,-19,32,0,0,40,0,45,3
3,-9,-20,32,0,0,40,0,46,3
3,-9,-20,33,0,0,40,0,45,3
3,-9,-19,33,0,0,40,0,46,3
3,-9,-20,33,0,0,40,0,47,3
3,-9,-19,33,0,0,40,0,46,3
3,-9,-19,33,0,0,41,0,46,3
3,-9,-19,33,0,0,41,0,46,3
3,-9,-19,33,0,0,40,0,46,3
3,-9,-19,33,0,0,40,0,46,3
3,-9,-20,33,0,0,40,0,46,3
3,-9,-20,33,0,0,41,0,47,3
3,-9,-19,32,0,0,40,0,46,3
3,-9,-19,32,0,0,39,0,46,3
3,-9,-19,32,0,0,41,0,47,3
3,-9,-19,32,0,0,40,0,47,3
3,-9,-18,32,0,0,42,0,50,12
3,-9,-19,32,0,0,42,0,48,12
3,-9,-19,32,0,0,42,0,50,12
3,-9,-18,32,0,0,43,0,50,12
3,-9,-19,32,0,0,42,0,50,12
3,-9,-19,32,0,0,42,0,50,12
3,-9,-18,32,0,0,43,0,49,12
3,-9,-19,32,0,0,42,0,51,12
3,-9,-18,32,0,0,43,0,51,12
3,-9,-19,0,0,0,43,0,50,12
3,-9,-19,0,0,0,42,0,49,12
3,-9,-19,32,0,0,43,0,47,12
3,-9,-18,32,0,0,42,0,48,12
3,-9,-18,32,0,0,42,0,50,12
3,-9,-19,32,0,0,42,0,51,12
3,-9,-18,32,0,0,42,0,51,12
3,-9,-19,32,0,0,42,0,51,12
3,-9,-19,32,0,0,42,0,50,12
3,-9,-19,32,0,0,42,0,51,12
3,-9,-19,32,0,0,43,0,50,12
3,-9,-18,32,0,0,43,0,51,12
3,-9,-18,0,0,0,43,0,50,12
3,-9,-18,0,0,0,42,0,50,12
3,-9,-18,0,0,0,42,0,50,12
3,-9,-19,0,0,0,43,0,49,12
3,-9,-19,0,0,0,43,0,49,12
3,-9,-18,0,0,0,43,0,48,12
3,-9,-18,0,0,0,43,0,49,12
3,-9,-19,0,0,0,43,0,51,12
3,-9,-19,0,0,0,43,0,50,12
3,-9,-19,0,0,0,43,0,50,12
3,-9,-19,0,0,0,43,0,49,12
3,-9,-19,0,0,0,43,0,50,12
3,-9,-18,0,0,0,43,0,50,12
3,-9,-18,0,0,0,43,0,50,12
3,-9,-19,0,0,0,43,0,50,12
3,-9,-19,0,0,0,43,0,50,12
3,-9,-19,32,0,0,43,0,49,12
3,-9,-18,32,0,0,43,0,51,12
3,-9,-18,32,0,0,43,0,50,12
3,-9,-18,32,0,0,43,0,50,12
3,-9,-19,32,0,0,43,0,50,12
3,-9,-18,32,0,0,41,0,49,12
3,-9,-12,0,0,0,41,0,51,21
3,-9,-12,0,0,0,43,0,51,21
3,-9,-12,0,0,0,44,0,52,21
3,-9,-12,0,0,0,43,0,51,21
3,-9,-12,0,0,0,43,0,52,21
3,-9,-13,0,0,0,43,0,51,21
3,-9,-12,0,0,0,44,0,51,21
3,-9,-12,0,0,0,40,0,53,21
3,-9,-12,0,0,0,42,0,51,21
3,-9,-12,0,0,0,44,0,52,21
3,-9,-12,0,0,0,43,0,52,21
3,-9,-12,0,0,0,43,0,52,21
3,-9,-12,0,0,0,44,0,52,21
3,-9,-12,0,0,0,44,0,51,21
3,-9,-12,0,0,0,44,0,52,21
3,-9,-12,0,0,0,43,0,52,21
3,-9,-12,0,0,0,43,0,53,21
3,-9,-12,0,0,0,43,0,51,21
3,-9,-13,0,0,0,43,0,53,21
3,-9,-12,0,0,0,44,0,52,21
3,-9,-12,0,0,0,43,0,51,21
3,-9,-13,0,0,0,43,0,52,21
3,-9,-12,0,0,0,43,0,52,21
3,-9,-12,0,0,0,44,0,52,21
3,-9,-12,0,0,0,43,0,52,21
3,-9,-12,0,0,0,43,0,52,21
3,-9,-12,0,0,0,44,0,52,21
3,-9,-12,0,0,0,44,0,52,21
3,-9,-12,0,0,0,44,0,52,21
3,-9,-13,0,0,0,44,0,52,21
3,-9,-13,0,0,0,44,0,53,21
3,-9,-12,0,0,0,43,0,52,21
3,-9,-12,0,0,0,42,0,52,21
3,-9,-12,0,0,0,43,0,52,21
3,-9,-12,0,0,0,43,0,51,21
3,-9,-12,0,0,0,43,0,51,21
3,-9,-12,0,0,0,44,0,51,21
3,-9,-12,0,0,0,44,0,52,21
3,-9,-12,0,0,0,43,0,52,21
3,-9,-12,0,0,0,43,0,51,21
3,-9,-12,0,0,0,44,0,52,21
3,-9,-12,0,0,0,42,0,51,21
3,-9,-12,0,0,0,44,0,52,21
3,-9,-13,0,0,0,43,0,51,21
3,-9,-12,0,0,0,43,0,51,21
3,-9,-12,0,0,0,34,0,44,4
2,-9,-12,0,0,0,36,0,45,4
2,-9,-12,33,0,0,36,0,45,4
2,-9,-12,33,0,0,36,0,44,4
3,-9,-12,33,0,0,34,0,45,4
2,-9,-12,33,0,0,34,0,45,4
2,-9,-12,33,0,0,34,0,44,4
2,-9,-12,33,0,0,34,0,45,4
3,-9,-12,33,0,0,36,0,45,4
3,-9,-12,33,0,0,34,0,45,4
2,-9,-12,33,0,0,35,0,45,4
2,-9,-12,33,0,0,33,0,45,4
2,-9,-12,0,0,0,35,0,43,4
3,-9,-12,32,0,0,35,0,43,4
3,-9,-12,32,0,0,35,0,44,4
3,-9,-12,32,0,0,35,0,44,4
2,-9,-12,32,0,0,35,0,45,4
3,-9,-12,32,0,0,35,0,43,4
2,-9,-12,32,0,0,35,0,47,4
2,-9,-12,32,0,0,35,0,46,4
2,-9,-12,32,0,0,35,0,44,4
3,-9,-12,32,0,0,35,0,46,4
2,-9,-12,32,0,0,35,0,46,4
2,-9,-12,0,0,0,35,0,43,4
3,-9,-12,0,0,0,33,0,44,4
3,-9,-12,0,0,0,35,0,44,4
2,-9,-12,0,0,0,35,0,45,4
2,-9,-12,0,0,0,35,0,45,4
2,-9,-12,0,0,0,35,0,43,4
3,-9,-12,0,0,0,35,0,43,4
3,-9,-12,0,0,0,35,0,44,4
3,-9,-12,0,0,0,35,0,43,4
2,-9,-12,0,0,0,35,0,43,4
2,-9,-12,0,0,0,35,0,44,4
2,-9,-12,0,0,0,35,0,43,4
2,-9,-12,0,0,0,35,0,45,4
3,-9,-12,32,0,0,35,0,41,4
2,-9,-12,32,0,0,35,0,46,4
3,-9,-12,32,0,0,36,0,45,4
3,-9,-12,32,0,0,36,0,44,4
3,-9,-12,32,0,0,36,0,44,4
3,-9,-12,32,0,0,36,0,44,4
3,-9,-12,32,0,0,36,0,45,4
2,-9,-12,32,0,0,35,0,45,4
3,-9,-12,32,0,0,35,0,44,4
3,-9,-12,32,0,0,35,0,45,4
3,-9,-12,0,0,0,33,0,43,4
2,-9,-12,0,0,0,36,0,44,4
3,-9,-12,0,0,0,33,0,45,4
2,-9,-12,0,0,0,35,0,45,4
2,-9,-12,0,0,0,35,0,44,4
3,-9,-12,0,0,0,35,0,44,4
3,-9,-12,0,0,0,36,0,44,4
3,-9,-12,0,0,0,36,0,44,4
3,-9,-12,0,0,0,36,0,44,4
3,-9,-12,0,0,0,35,0,44,4
3,-9,-12,0,0,0,35,0,45,4
2,-9,-12,0,0,0,35,0,44,4
2,-9,-12,0,0,0,35,0,43,4
3,-9,-12,0,0,0,35,0,43,4
3,-9,-12,0,0,0,33,0,45,4
3,-9,-12,32,0,0,33,0,45,4
2,-9,-12,32,0,0,35,0,45,4
3,-9,-12,32,0,0,35,0,45,4
2,-9,-12,32,0,0,35,0,44,4
3,-9,-12,32,0,0,35,0,44,4
3,-9,-12,32,0,0,35,0,45,4
3,-9,-12,32,0,0,35,0,44,4
2,-9,-12,32,0,0,35,0,45,4
2,-9,-12,32,0,0,33,0,45,4
3,-9,-12,32,0,0,36,0,45,4
3,-9,-12,0,0,0,35,0,45,4
3,-9,-12,32,0,0,35,0,44,4
3,-9,-12,32,0,0,35,0,44,4
3,-9,-12,32,0,0,35,0,46,4
3,-9,-12,32,0,0,35,0,45,4
2,-9,-12,32,0,0,35,0,45,4
3,-9,-12,32,0,0,35,0,44,4
2,-9,-12,32,0,0,33,0,45,4
3,-9,-12,32,0,0,35,0,45,4
3,-9,-12,32,0,0,36,0,45,4
2,-9,-12,32,0,0,35,0,45,4
3,-9,-12,0,0,0,33,0,45,4
3,-9,-12,32,0,0,35,0,43,4
3,-9,-12,32,0,0,35,0,45,4
3,-9,-12,32,0,0,35,0,44,4
3,-9,-12,32,0,0,35,0,45,4
3,-9,-12,32,0,0,35,0,45,4
2,-9,-12,32,0,0,35,0,45,4
3,-9,-12,32,0,0,35,0,45,4
3,-9,-12,32,0,0,36,0,44,4
3,-9,-12,32,0,0,36,0,44,4
3,-9,-12,32,0,0,35,0,45,4
2,-9,-12,0,0,0,35,0,50,4
3,-9,-12,32,0,0,35,0,46,4
3,-9,-12,32,0,0,35,0,45,4
3,-9,-12,32,0,0,35,0,45,4
2,-9,-12,32,0,0,35,0,46,4
3,-9,-12,32,0,0,35,0,45,4
3,-9,-12,32,0,0,35,0,44,4
3,-9,-12,32,0,0,33,0,45,4
2,-9,-12,32,0,0,33,0,46,4
3,-9,-12,32,0,0,35,0,45,4
3,-9,-12,31,0,0,35,0,45,4
2,-9,-12,31,0,0,35,0,46,4
3,-9,-12,31,0,0,35,0,45,4
2,-9,-12,31,0,0,35,0,45,4
2,-9,-12,31,0,0,35,0,44,4
3,-9,-12,31,0,0,33,0,45,4
3,-9,-12,31,0,0,33,0,45,4
3,-9,-12,31,0,0,35,0,46,4
2,-9,-12,31,0,0,35,0,45,4
3,-9,-12,31,0,0,33,0,44,4
2,-9,-12,0,0,0,35,0,43,4
3,-9,-12,0,0,0,33,0,43,4
3,-9,-12,0,0,0,33,0,43,4
3,-9,-12,0,0,0,35,0,43,4
3,-9,-12,0,0,0,33,0,44,4
3,-9,-12,0,0,0,36,0,45,4
3,-9,-12,0,0,0,33,0,44,4
2,-9,-12,0,0,0,35,0,44,4
3,-9,-12,0,0,0,35,0,45,4
2,-9,-12,0,0,0,35,0,45,4
3,-9,-12,0,0,0,35,0,45,4
3,-9,-12,0,0,0,33,0,46,4
3,-9,-12,0,0,0,33,0,44,4
2,-9,-12,31,0,0,36,0,45,4
3,-9,-12,31,0,0,33,0,44,4
3,-9,-12,31,0,0,33,0,45,4
2,-9,-12,31,0,0,33,0,44,4
2,-9,-12,31,0,0,35,0,45,4
2,-9,-12,31,0,0,35,0,45,4
3,-9,-12,31,0,0,35,0,45,4
3,-9,-12,31,0,0,33,0,45,4
2,-9,-12,31,0,0,35,0,44,4
3,-9,-12,31,0,0,33,0,44,4
2,-9,-12,0,0,0,35,0,45,4
3,-9,-12,0,0,0,35,0,43,4
2,-9,-12,0,0,0,36,0,44,4
3,-9,-12,0,0,0,36,0,44,4
2,-9,-12,0,0,0,36,0,44,4
3,-9,-12,0,0,0,35,0,44,4
3,-9,-20,0,0,0,45,30,48,11
3,-9,-20,0,0,0,45,30,49,11
3,-9,-20,0,0,0,45,31,49,11
3,-9,-20,0,0,0,45,31,49,11
3,-9,-20,0,0,0,45,31,48,11
3,-9,-20,0,0,0,45,31,48,11
3,-9,-20,0,0,0,45,31,49,11
3,-9,-20,0,0,0,45,30,49,11
3,-9,-20,0,0,0,45,32,49,11
3,-9,-20,0,0,0,48,32,48,11
3,-9,-20,0,0,0,46,32,49,11
3,-9,-20,0,0,0,45,33,49,11
3,-9,-20,0,0,0,45,32,49,11
3,-9,-20,0,0,0,45,32,48,11
3,-9,-20,0,0,0,46,30,48,11
3,-9,-20,0,0,0,46,30,49,11
3,-9,-20,0,0,0,44,32,49,11
3,-9,-20,0,0,0,45,30,48,11
3,-9,-20,0,0,0,45,29,49,11
3,-9,-20,0,0,0,45,32,49,11
3,-9,-20,0,0,0,45,32,49,11
3,-9,-20,0,0,0,45,32,49,11
3,-9,-20,0,0,0,45,30,51,11
3,-9,-20,0,0,0,45,32,51,11
3,-9,-20,0,0,0,45,32,49,11
3,-9,-20,0,0,0,45,30,49,11
3,-9,-20,0,0,0,45,30,48,11
3,-9,-20,0,0,0,45,30,49,11
3,-9,-20,0,0,0,45,32,48,11
3,-9,-20,0,0,0,45,30,49,11
3,-9,-20,0,0,0,46,33,49,11
3,-9,-20,0,0,0,46,33,49,11
3,-9,-20,0,0,0,44,33,48,11
3,-9,-20,0,0,0,45,32,48,11
3,-9,-20,0,0,0,45,32,50,11
3,-9,-20,0,0,0,45,32,48,11
3,-9,-20,0,0,0,45,32,48,11
3,-9,-20,0,0,0,45,32,48,11
3,-9,-20,0,0,0,46,32,49,11
3,-9,-20,0,0,0,45,32,46,11
3,-9,-20,0,0,0,45,30,48,11
3,-9,-20,0,0,0,45,32,47,11
3,-9,-20,0,0,0,45,29,49,11
3,-9,-20,0,0,0,45,29,48,11
3,-9,-20,0,0,0,45,29,49,11
3,-9,-20,0,0,0,45,32,48,11
3,-9,-20,0,0,0,45,30,47,11
3,-9,-20,0,0,0,45,30,48,11
3,-9,-20,0,0,0,45,37,48,11
3,-9,-20,0,0,0,45,37,48,11
3,-9,-20,0,0,0,44,30,48,11
3,-9,-20,0,0,0,44,30,48,11
3,-9,-20,0,0,0,45,30,48,11
3,-9,-20,0,0,0,44,29,48,11
3,-9,-20,0,0,0,45,32,48,11
3,-9,-20,0,0,0,44,29,48,11
3,-9,-20,0,0,0,44,30,49,11
3,-9,-20,0,0,0,44,30,47,11
3,-9,-20,0,0,0,45,29,47,11
3,-9,-20,0,0,0,45,29,48,11
3,-9,-20,0,0,0,45,29,48,11
3,-9,-20,0,0,0,45,30,49,11
3,-9,-20,0,0,0,44,30,47,11
3,-9,-20,0,0,0,44,30,46,11
3,-9,-20,0,0,0,45,30,48,11
3,-9,-20,0,0,0,44,32,47,11
3,-9,-20,0,0,0,44,30,48,11
3,-9,-20,0,0,0,44,30,47,11
3,-9,-20,0,0,0,45,30,47,11
3,-9,-20,0,0,0,44,29,47,11
3,-9,-20,0,0,0,45,30,48,11
3,-9,-20,0,0,0,45,30,47,11
3,-9,-20,0,0,0,45,30,46,11
3,-9,-20,0,0,0,44,32,47,11
3,-9,-20,0,0,0,44,37,47,11
4,-9,-20,0,0,0,50,29,50,22
3,-9,-20,0,0,0,50,29,49,22
3,-9,-20,0,0,0,49,29,50,22
3,-9,-20,0,0,0,49,29,50,22
3,-9,-20,0,0,0,50,29,49,22
3,-9,-20,0,0,0,49,29,49,22
3,-9,-20,0,0,0,49,29,49,22
3,-9,-20,0,0,0,49,29,50,22
3,-9,-20,0,0,0,49,29,49,22
3,-9,-20,0,0,0,48,29,50,22
3,-9,-20,0,0,0,50,0,49,22
3,-9,-20,0,0,0,50,0,50,22
3,-9,-20,0,0,0,49,0,50,22
3,-9,-20,0,0,0,49,0,50,22
3,-9,-21,0,0,0,49,0,49,22
3,-9,-20,0,0,0,49,0,50,22
3,-9,-20,0,0,0,49,31,49,22
3,-9,-20,0,0,0,49,31,48,22
3,-9,-20,0,0,0,49,31,49,22
3,-9,-20,0,0,0,49,31,49,22
3,-9,-20,0,0,0,49,31,50,22
3,-9,-20,0,0,0,50,29,49,22
3,-9,-20,0,0,0,49,29,49,22
3,-9,-20,0,0,0,49,29,49,22
3,-9,-20,0,0,0,49,29,49,22
3,-9,-20,0,0,0,49,29,49,22
3,-9,-20,0,0,0,50,29,49,22
3,-9,-20,0,0,0,50,29,50,22
3,-9,-20,0,0,0,49,29,50,22
3,-9,-20,0,0,0,48,29,50,22
3,-9,-20,0,0,0,49,29,50,22
3,-9,-20,0,0,0,49,29,50,22
3,-9,-20,0,0,0,50,31,50,22
3,-9,-20,0,0,0,49,31,49,22
3,-9,-20,0,0,0,49,31,50,22
3,-9,-20,0,0,0,49,31,50,22
3,-9,-20,0,0,0,50,31,50,22
3,-9,-20,0,0,0,49,31,50,22
3,-9,-20,0,0,0,49,31,50,22
3,-9,-20,0,0,0,52,29,49,22
3,-9,-20,0,0,0,50,29,49,22
3,-9,-20,0,0,0,49,29,50,22
3,-9,-20,0,0,0,49,29,49,22
3,-9,-20,0,0,0,49,29,48,22
3,-9,-20,0,0,0,50,29,51,22
3,-9,-20,0,0,0,49,29,50,22
3,-9,-20,0,0,0,48,29,50,22
3,-9,-20,0,0,0,48,31,50,22
3,-9,-20,0,0,0,49,31,50,22
3,-9,-20,0,0,0,49,31,50,22
3,-9,-20,0,0,0,48,31,50,22
3,-9,-20,0,0,0,48,29,50,22
3,-9,-20,0,0,0,49,29,49,22
3,-9,-20,0,0,0,49,29,49,22
3,-9,-20,0,0,0,49,29,49,22
3,-9,-20,0,0,0,49,29,49,22
3,-9,-20,0,0,0,49,29,50,22
3,-9,-20,0,0,0,49,29,49,22
3,-9,-20,0,0,0,49,29,49,22
3,-9,-20,0,0,0,48,29,50,22
3,-9,-21,0,0,0,46,29,48,22
3,-9,-20,0,0,0,48,0,48,22
3,-9,-20,0,0,0,48,0,49,22
3,-9,-20,0,0,0,49,0,48,22
3,-9,-20,0,0,0,48,0,48,22
3,-9,-20,0,0,0,49,0,49,22
3,-9,-20,0,0,0,48,0,44,22
3,-9,-20,0,0,0,49,0,49,22
3,-9,-20,0,0,0,49,0,50,22
4,-9,-16,0,0,0,40,0,52,5
3,-9,-17,0,0,0,41,0,51,5
3,-9,-17,0,0,0,40,0,52,5
3,-9,-17,0,0,0,38,0,52,5
3,-9,-17,0,0,0,38,0,51,5
3,-9,-16,0,0,0,38,0,50,5
3,-9,-16,0,0,0,38,0,51,5
3,-9,-16,0,0,0,38,0,52,5
3,-9,-17,0,0,0,38,0,52,5
3,-9,-16,0,0,0,38,0,51,5
3,-9,-17,0,0,0,40,0,52,5
3,-9,-17,0,0,0,40,0,52,5
3,-9,-17,0,0,0,40,0,52,5
3,-9,-17,0,0,0,38,0,52,5
3,-9,-17,0,0,0,39,0,52,5
3,-9,-17,0,0,0,38,0,52,5
3,-9,-17,0,0,0,38,0,52,5
3,-9,-17,0,0,0,40,0,51,5
3,-9,-16,0,0,0,40,0,51,5
3,-9,-16,0,0,0,37,0,52,5
3,-9,-17,0,0,0,39,0,52,5
3,-9,-17,0,0,0,39,0,51,5
3,-9,-16,0,0,0,39,0,52,5
3,-9,-16,0,0,0,39,0,53,5
3,-9,-16,0,0,0,39,0,51,5
3,-9,-16,0,0,0,39,0,51,5
3,-9,-17,0,0,0,39,0,49,5
3,-9,-16,0,0,0,39,0,50,5
3,-9,-17,0,0,0,39,0,50,5
3,-9,-16,0,0,0,39,0,49,5
3,-9,-17,0,0,0,39,0,50,5
3,-9,-17,0,0,0,39,0,50,5
3,-9,-17,0,0,0,39,0,52,5
3,-9,-16,0,0,0,39,0,50,5
3,-8,-22,0,0,0,40,0,53,10
3,-8,-22,0,0,0,40,0,52,10
3,-8,-22,0,0,0,41,0,52,10
3,-8,-22,0,0,0,41,0,52,10
3,-8,-22,0,0,0,41,0,53,10
3,-8,-22,0,0,0,41,0,53,10
3,-8,-22,0,0,0,40,0,52,10
3,-8,-22,0,0,0,40,0,53,10
3,-8,-22,0,0,0,40,0,53,10
3,-8,-22,0,0,0,40,0,54,10
3,-8,-22,0,0,0,40,0,53,10
3,-8,-22,0,0,0,40,0,54,10
3,-8,-22,0,0,0,40,29,53,10
3,-8,-22,0,0,0,41,29,54,10
3,-8,-22,0,0,0,40,29,53,10
3,-8,-22,0,0,0,40,29,53,10
3,-8,-22,0,0,0,40,29,54,10
3,-8,-22,0,0,0,41,29,53,10
3,-8,-22,0,0,0,41,29,53,10
3,-8,-22,0,0,0,40,29,53,10
3,-8,-22,0,0,0,41,29,53,10
3,-8,-22,0,0,0,39,29,53,10
3,-8,-22,0,0,0,40,29,53,10
3,-8,-22,0,0,0,40,29,53,10
3,-8,-22,0,0,0,40,31,53,10
3,-8,-22,0,0,0,40,31,53,10
3,-8,-22,0,0,0,40,29,53,10
3,-8,-22,0,0,0,41,29,53,10
3,-8,-22,0,0,0,40,29,53,10
3,-8,-22,0,0,0,40,29,53,10
3,-8,-22,0,0,0,40,29,53,10
3,-8,-22,0,0,0,41,29,53,10
3,-8,-22,0,0,0,41,29,53,10
3,-8,-22,0,0,0,41,29,53,10
3,-8,-22,0,0,0,40,29,53,10
3,-8,-22,0,0,0,41,31,53,10
3,-8,-22,0,0,0,40,29,52,10
3,-8,-22,0,0,0,40,29,53,10
3,-8,-22,0,0,0,40,29,53,10
3,-8,-22,0,0,0,40,29,52,10
3,-8,-22,0,0,0,39,29,53,10
3,-8,-22,0,0,0,41,29,53,10
3,-8,-22,0,0,0,40,31,53,10
3,-8,-22,0,0,0,40,31,53,10
3,-8,-22,0,0,0,40,31,53,10
3,-8,-22,0,0,0,40,29,51,10
3,-8,-22,0,0,0,39,29,53,10
3,-8,-22,0,0,0,39,29,52,10
3,-8,-22,0,0,0,39,29,53,10
3,-8,-22,0,0,0,40,29,52,10
3,-8,-22,0,0,0,39,29,53,10
3,-8,-22,0,0,0,39,29,52,10
3,-8,-22,0,0,0,39,29,52,10
3,-8,-22,0,0,0,39,29,53,10
3,-8,-22,0,0,0,40,29,53,10
3,-8,-22,0,0,0,40,29,52,10
3,-9,-22,0,0,0,40,29,52,10
3,-8,-22,0,0,0,38,29,52,10
3,-8,-22,0,0,0,38,29,51,10
3,-8,-22,0,0,0,40,29,51,10
3,-8,-22,0,0,0,40,29,52,10
3,-8,-22,0,0,0,40,29,52,10
3,-8,-22,0,0,0,40,29,53,10
3,-8,-22,0,0,0,40,29,53,10
3,-8,-22,0,0,0,40,29,52,10
3,-8,-22,0,0,0,39,29,54,10
3,-8,-22,0,0,0,39,29,52,10
3,-9,-22,0,0,0,39,29,52,10
3,-8,-22,0,0,0,40,29,52,10
3,-8,-22,0,0,0,40,0,52,10
3,-8,-22,0,0,0,40,0,52,10
3,-8,-22,0,0,0,40,0,52,10
4,-9,-20,0,0,0,44,0,49,23
4,-9,-20,0,0,0,45,0,49,23
4,-9,-20,0,0,0,45,0,50,23
4,-9,-20,0,0,0,45,0,49,23
4,-9,-20,0,0,0,44,0,49,23
4,-9,-20,0,0,0,45,0,49,23
4,-9,-20,0,0,0,45,0,49,23
4,-9,-20,0,0,0,44,0,49,23
4,-9,-20,0,0,0,44,0,49,23
4,-9,-20,0,0,0,44,0,48,23
4,-9,-20,0,0,0,44,0,48,23
4,-9,-20,0,0,0,44,0,49,23
4,-9,-20,0,0,0,45,0,49,23
4,-9,-20,0,0,0,45,0,49,23
4,-9,-20,0,0,0,45,0,48,23
4,-9,-20,0,0,0,45,0,49,23
4,-9,-20,0,0,0,45,0,48,23
4,-9,-20,0,0,0,45,0,48,23
4,-9,-20,0,0,0,45,0,48,23
4,-9,-20,0,0,0,44,0,49,23
4,-9,-20,0,0,0,45,0,48,23
4,-9,-20,0,0,0,45,0,48,23
4,-9,-20,0,0,0,45,0,48,23
4,-9,-20,0,0,0,45,0,47,23
4,-9,-20,0,0,0,44,0,47,23
4,-9,-20,0,0,0,44,0,47,23
4,-9,-20,0,0,0,44,0,49,23
3,-9,-20,0,0,0,45,0,48,23
4,-9,-20,0,0,0,44,0,48,23
4,-9,-20,0,0,0,45,30,47,23
4,-9,-20,0,0,0,44,29,48,23
4,-9,-20,0,0,0,45,29,48,23
4,-9,-20,0,0,0,45,29,48,23
4,-9,-20,0,0,0,45,29,47,23
4,-9,-20,0,0,0,44,29,48,23
4,-9,-20,0,0,0,45,29,48,23
4,-9,-20,0,0,0,45,29,48,23
4,-9,-20,0,0,0,45,29,48,23
4,-9,-20,0,0,0,45,29,48,23
4,-9,-20,0,0,0,44,29,48,23
4,-9,-20,0,0,0,45,29,48,23
4,-9,-20,0,0,0,45,29,48,23
4,-9,-20,0,0,0,45,31,46,23
3,-9,-20,0,0,0,45,31,48,23
4,-9,-20,0,0,0,44,31,48,23
4,-9,-20,0,0,0,45,31,48,23
4,-9,-20,0,0,0,44,31,48,23
4,-9,-20,0,0,0,44,31,49,23
4,-9,-20,0,0,0,44,31,48,23
4,-9,-20,0,0,0,45,31,48,23
4,-9,-20,0,0,0,45,31,48,23
4,-9,-20,0,0,0,45,31,48,23
4,-9,-20,0,0,0,45,0,48,23
4,-9,-20,0,0,0,45,0,48,23
4,-9,-20,0,0,0,44,0,47,23
4,-9,-20,0,0,0,45,0,48,23
4,-9,-20,0,0,0,46,0,48,23
4,-9,-20,0,0,0,45,0,48,23
4,-9,-20,0,0,0,45,0,48,23
3,-9,-20,0,0,0,44,0,47,23
4,-9,-20,0,0,0,44,0,47,23
4,-9,-20,0,0,0,44,0,47,23
4,-9,-20,0,0,0,44,0,48,23
4,-9,-20,0,0,0,44,0,48,23
4,-9,-20,0,0,0,44,0,48,23
3,-9,-14,0,0,0,43,34,53,9
3,-9,-15,0,0,0,43,34,53,9
3,-9,-15,0,0,0,44,36,53,9
3,-9,-15,0,0,0,43,34,53,9
3,-9,-15,0,0,0,44,36,53,9
3,-9,-15,0,0,0,43,36,53,9
3,-9,-15,0,0,0,43,34,53,9
3,-9,-15,0,0,0,43,34,53,9
3,-9,-15,0,0,0,43,34,52,9
3,-9,-15,0,0,0,43,34,53,9
3,-9,-15,0,0,0,43,34,52,9
3,-9,-15,0,0,0,43,34,53,9
3,-9,-15,0,0,0,43,34,53,9
3,-9,-15,0,0,0,43,34,53,9
3,-9,-15,0,0,0,43,36,53,9
3,-9,-15,0,0,0,42,36,53,9
3,-9,-15,0,0,0,44,34,53,9
3,-9,-15,0,0,0,43,36,53,9
3,-9,-15,0,0,0,43,36,53,9
3,-9,-15,0,0,0,43,34,52,9
3,-9,-15,0,0,0,44,34,53,9
3,-9,-15,0,0,0,43,36,54,9
3,-9,-15,0,0,0,43,36,53,9
3,-9,-15,0,0,0,43,35,53,9
3,-9,-15,0,0,0,43,35,53,9
3,-9,-15,0,0,0,44,35,54,9
3,-9,-15,0,0,0,44,36,53,9
3,-9,-15,0,0,0,43,35,53,9
3,-9,-15,0,0,0,43,36,53,9
3,-9,-14,0,0,0,43,35,54,9
3,-9,-15,0,0,0,43,35,53,9
3,-9,-15,0,0,0,43,35,53,9
3,-9,-15,0,0,0,43,35,52,9
3,-9,-15,0,0,0,44,35,52,9
3,-9,-15,0,0,0,43,35,53,9
3,-9,-15,0,0,0,43,36,53,9
3,-9,-14,0,0,0,43,35,53,9
3,-9,-15,0,0,0,43,36,53,9
3,-9,-15,0,0,0,43,36,53,9
3,-9,-15,0,0,0,43,35,53,9
3,-9,-15,0,0,0,43,35,54,9
3,-9,-15,0,0,0,43,36,53,9
3,-9,-15,0,0,0,43,35,54,9
3,-9,-15,0,0,0,43,36,54,9
4,-9,-15,0,0,0,43,0,55,24
3,-9,-16,0,0,0,44,0,55,24
3,-9,-16,0,0,0,42,0,54,24
3,-9,-16,0,0,0,42,33,54,24
3,-9,-16,0,0,0,42,33,55,24
3,-9,-16,0,0,0,43,32,55,24
3,-9,-16,0,0,0,44,32,58,24
3,-9,-16,0,0,0,43,33,54,24
3,-9,-16,0,0,0,43,33,56,24
3,-9,-16,0,0,0,43,33,55,24
3,-9,-16,0,0,0,43,32,57,24
3,-9,-16,0,0,0,43,32,56,24
3,-9,-16,0,0,0,43,32,56,24
3,-9,-16,0,0,0,43,32,55,24
3,-9,-16,0,0,0,43,32,55,24
3,-9,-16,0,0,0,43,32,55,24
3,-9,-16,0,0,0,42,32,55,24
3,-9,-16,0,0,0,43,33,56,24
3,-9,-16,0,0,0,44,33,55,24
3,-9,-16,0,0,0,43,33,55,24
3,-9,-16,0,0,0,42,33,55,24
3,-9,-16,0,0,0,43,33,55,24
3,-9,-16,0,0,0,43,33,57,24
3,-9,-16,0,0,0,43,33,54,24
3,-9,-16,0,0,0,43,33,55,24
3,-9,-16,0,0,0,44,32,55,24
3,-9,-16,0,0,0,43,33,55,24
3,-9,-16,0,0,0,43,33,57,24
3,-9,-16,0,0,0,42,33,56,24
3,-9,-16,0,0,0,42,33,56,24
3,-9,-16,0,0,0,43,32,57,24
3,-9,-16,0,0,0,43,32,55,24
3,-9,-16,0,0,0,43,32,56,24
3,-9,-16,0,0,0,43,32,55,24
3,-9,-16,0,0,0,43,32,56,24
3,-9,-16,0,0,0,43,32,56,24
3,-9,-16,0,0,0,44,33,56,24
3,-9,-16,0,0,0,44,33,55,24
3,-9,-16,0,0,0,43,33,56,24
3,-9,-16,0,0,0,43,33,56,24
3,-9,-16,0,0,0,43,32,56,24
3,-9,-16,0,0,0,42,32,55,24
3,-9,-16,0,0,0,44,32,56,24
3,-9,-16,0,0,0,42,32,57,24
3,-9,-16,0,0,0,43,33,56,24
3,-9,-16,0,0,0,43,32,56,24
3,-9,-16,0,0,0,42,32,55,24
3,-9,-16,0,0,0,42,33,54,24
3,-9,-16,0,0,0,42,32,55,24
3,-9,-16,0,0,0,43,32,55,24
3,-9,-16,0,0,0,42,32,55,24
3,-9,-16,0,0,0,42,32,56,24
3,-9,-16,0,0,0,43,32,56,24
3,-9,-16,0,0,0,43,32,55,24
3,-9,-16,0,0,0,43,32,55,24
3,-9,-16,0,0,0,43,32,55,24
3,-9,-16,0,0,0,43,32,55,24
4,-9,-21,0,0,0,42,34,55,8
3,-9,-21,0,0,0,41,34,55,8
3,-9,-21,0,0,0,41,34,55,8
3,-9,-21,0,0,0,41,33,56,8
3,-9,-21,0,0,0,41,36,54,8
3,-9,-21,0,0,0,41,36,55,8
3,-9,-21,0,0,0,41,36,55,8
3,-9,-21,0,0,0,41,34,55,8
3,-9,-21,0,0,0,42,34,54,8
3,-9,-21,0,0,0,41,36,55,8
3,-9,-21,0,0,0,41,33,54,8
3,-9,-21,0,0,0,41,34,55,8
3,-9,-21,0,0,0,41,34,55,8
3,-9,-21,0,0,0,41,34,55,8
3,-9,-22,0,0,0,41,37,55,8
3,-9,-21,0,0,0,41,34,55,8
3,-9,-21,0,0,0,41,34,55,8
3,-9,-21,0,0,0,42,34,55,8
3,-9,-21,0,0,0,41,34,55,8
3,-9,-21,0,0,0,43,35,55,8
3,-9,-21,0,0,0,41,35,55,8
3,-9,-21,0,0,0,41,33,55,8
3,-9,-21,0,0,0,41,36,55,8
3,-9,-21,0,0,0,41,35,55,8
3,-9,-21,0,0,0,41,35,55,8
3,-9,-21,0,0,0,41,35,55,8
3,-9,-21,0,0,0,41,33,56,8
3,-9,-21,0,0,0,41,35,55,8
3,-9,-21,0,0,0,43,35,55,8
3,-9,-21,0,0,0,43,35,56,8
3,-9,-21,0,0,0,41,35,55,8
3,-9,-21,0,0,0,41,36,55,8
3,-9,-21,0,0,0,41,35,55,8
3,-9,-21,0,0,0,41,35,55,8
3,-9,-21,0,0,0,41,35,55,8
3,-9,-21,0,0,0,43,35,55,8
3,-9,-21,0,0,0,43,35,55,8
3,-9,-21,0,0,0,41,35,54,8
3,-9,-21,0,0,0,41,35,55,8
3,-9,-21,0,0,0,41,35,55,8
3,-9,-21,0,0,0,41,35,54,8
3,-9,-21,0,0,0,41,35,55,8
3,-9,-21,0,0,0,43,35,55,8
3,-9,-21,0,0,0,43,33,55,8
3,-9,-21,0,0,0,41,35,55,8
3,-9,-21,0,0,0,41,35,55,8
3,-9,-21,0,0,0,41,35,54,8
3,-9,-21,0,0,0,40,35,54,8
3,-9,-21,0,0,0,40,33,54,8
3,-9,-21,0,0,0,40,33,55,8
3,-9,-21,0,0,0,41,33,54,8
3,-9,-21,0,0,0,41,33,54,8
3,-9,-21,0,0,0,41,35,54,8
3,-9,-22,0,0,0,41,35,54,8
3,-9,-21,0,0,0,41,33,54,8
3,-9,-22,0,0,0,41,33,54,8
3,-9,-21,0,0,0,40,35,54,8
3,-9,-21,0,0,0,41,35,55,8
3,-9,-21,0,0,0,41,35,54,8
3,-9,-21,0,0,0,41,35,55,8
3,-9,-22,0,0,0,41,33,54,8
3,-9,-21,0,0,0,40,35,54,8
3,-9,-21,0,0,0,40,33,54,8
3,-9,-21,0,0,0,40,33,54,8
3,-9,-21,0,0,0,40,35,54,8
3,-9,-21,0,0,0,41,35,54,8
3,-9,-14,0,0,0,43,30,49,25
3,-9,-15,0,0,0,42,30,48,25
3,-9,-15,0,0,0,43,30,48,25
3,-9,-15,0,0,0,43,30,49,25
3,-9,-15,0,0,0,43,30,48,25
3,-9,-15,0,0,0,42,32,48,25
3,-9,-15,0,0,0,43,32,49,25
3,-9,-15,0,0,0,43,32,48,25
3,-9,-15,0,0,0,43,31,49,25
3,-9,-15,0,0,0,43,31,48,25
3,-9,-15,0,0,0,43,31,49,25
3,-9,-15,0,0,0,43,31,48,25
3,-9,-15,0,0,0,43,31,49,25
3,-9,-15,0,0,0,43,32,48,25
3,-9,-15,0,0,0,43,31,48,25
3,-9,-15,0,0,0,43,31,48,25
3,-9,-15,0,0,0,43,31,48,25
3,-9,-15,0,0,0,43,31,47,25
3,-9,-15,0,0,0,44,31,48,25
3,-9,-15,0,0,0,43,32,49,25
3,-9,-15,0,0,0,43,32,48,25
3,-9,-15,0,0,0,44,32,48,25
3,-9,-15,0,0,0,43,32,48,25
3,-9,-15,0,0,0,43,30,49,25
3,-9,-15,0,0,0,43,32,49,25
3,-9,-15,0,0,0,43,30,49,25
3,-9,-15,0,0,0,43,32,49,25
3,-9,-15,0,0,0,44,32,50,25
3,-9,-15,0,0,0,43,30,49,25
3,-9,-15,0,0,0,43,30,50,25
3,-9,-15,0,0,0,43,32,48,25
3,-9,-15,0,0,0,44,32,48,25
3,-9,-15,0,0,0,43,30,49,25
3,-9,-15,0,0,0,42,30,49,25
3,-9,-15,0,0,0,49,32,48,25
3,-9,-15,0,0,0,43,32,49,25
3,-9,-15,0,0,0,43,31,48,25
3,-9,-15,0,0,0,43,32,48,25
3,-9,-15,0,0,0,43,32,49,25
3,-9,-15,0,0,0,43,31,48,25
3,-9,-15,0,0,0,43,31,48,25
3,-9,-15,0,0,0,43,31,49,25
3,-9,-15,0,0,0,43,31,48,25
3,-9,-15,0,0,0,43,31,49,25
3,-9,-15,0,0,0,43,32,49,25
3,-9,-15,0,0,0,43,32,49,25
3,-9,-15,0,0,0,43,32,49,25
3,-9,-15,0,0,0,43,32,47,25
3,-9,-15,0,0,0,43,31,49,25
3,-9,-15,0,0,0,43,31,48,25
3,-9,-15,0,0,0,43,31,47,25
3,-9,-15,0,0,0,43,29,48,25
3,-9,-15,0,0,0,43,29,48,25
3,-9,-15,0,0,0,43,29,48,25
3,-9,-15,0,0,0,43,31,48,25
3,-9,-15,0,0,0,43,31,48,25
3,-9,-15,0,0,0,43,32,48,25
3,-9,-15,0,0,0,43,32,49,25
3,-9,-14,0,0,0,43,31,48,25
3,-9,-15,0,0,0,43,31,49,25
3,-9,-15,0,0,0,43,31,47,25
3,-9,-15,0,0,0,43,31,47,25
3,-9,-15,0,0,0,43,29,47,25
3,-9,-15,0,0,0,43,31,47,25
3,-9,-15,0,0,0,43,29,47,25
3,-9,-15,0,0,0,43,31,47,25
